{
  "": {
    "swift-dependencies": "/Users/superbright/Code/brainv3/fern/sdks/swift/sdk/.build/arm64-apple-macosx/debug/Api.build/master.swiftdeps"
  },
  "/Users/superbright/Code/brainv3/fern/sdks/swift/sdk/Sources/ApiClient.swift": {
    "dependencies": "/Users/superbright/Code/brainv3/fern/sdks/swift/sdk/.build/arm64-apple-macosx/debug/Api.build/ApiClient.d",
    "object": "/Users/superbright/Code/brainv3/fern/sdks/swift/sdk/.build/arm64-apple-macosx/debug/Api.build/ApiClient.swift.o",
    "swiftmodule": "/Users/superbright/Code/brainv3/fern/sdks/swift/sdk/.build/arm64-apple-macosx/debug/Api.build/ApiClient~partial.swiftmodule",
    "swift-dependencies": "/Users/superbright/Code/brainv3/fern/sdks/swift/sdk/.build/arm64-apple-macosx/debug/Api.build/ApiClient.swiftdeps",
    "diagnostics": "/Users/superbright/Code/brainv3/fern/sdks/swift/sdk/.build/arm64-apple-macosx/debug/Api.build/ApiClient.dia"
  },
  "/Users/superbright/Code/brainv3/fern/sdks/swift/sdk/Sources/Core/CalendarDate.swift": {
    "dependencies": "/Users/superbright/Code/brainv3/fern/sdks/swift/sdk/.build/arm64-apple-macosx/debug/Api.build/CalendarDate.d",
    "object": "/Users/superbright/Code/brainv3/fern/sdks/swift/sdk/.build/arm64-apple-macosx/debug/Api.build/CalendarDate.swift.o",
    "swiftmodule": "/Users/superbright/Code/brainv3/fern/sdks/swift/sdk/.build/arm64-apple-macosx/debug/Api.build/CalendarDate~partial.swiftmodule",
    "swift-dependencies": "/Users/superbright/Code/brainv3/fern/sdks/swift/sdk/.build/arm64-apple-macosx/debug/Api.build/CalendarDate.swiftdeps",
    "diagnostics": "/Users/superbright/Code/brainv3/fern/sdks/swift/sdk/.build/arm64-apple-macosx/debug/Api.build/CalendarDate.dia"
  },
  "/Users/superbright/Code/brainv3/fern/sdks/swift/sdk/Sources/Core/Data+String.swift": {
    "dependencies": "/Users/superbright/Code/brainv3/fern/sdks/swift/sdk/.build/arm64-apple-macosx/debug/Api.build/Data+String.d",
    "object": "/Users/superbright/Code/brainv3/fern/sdks/swift/sdk/.build/arm64-apple-macosx/debug/Api.build/Data+String.swift.o",
    "swiftmodule": "/Users/superbright/Code/brainv3/fern/sdks/swift/sdk/.build/arm64-apple-macosx/debug/Api.build/Data+String~partial.swiftmodule",
    "swift-dependencies": "/Users/superbright/Code/brainv3/fern/sdks/swift/sdk/.build/arm64-apple-macosx/debug/Api.build/Data+String.swiftdeps",
    "diagnostics": "/Users/superbright/Code/brainv3/fern/sdks/swift/sdk/.build/arm64-apple-macosx/debug/Api.build/Data+String.dia"
  },
  "/Users/superbright/Code/brainv3/fern/sdks/swift/sdk/Sources/Core/Networking/HTTP.swift": {
    "dependencies": "/Users/superbright/Code/brainv3/fern/sdks/swift/sdk/.build/arm64-apple-macosx/debug/Api.build/HTTP.d",
    "object": "/Users/superbright/Code/brainv3/fern/sdks/swift/sdk/.build/arm64-apple-macosx/debug/Api.build/HTTP.swift.o",
    "swiftmodule": "/Users/superbright/Code/brainv3/fern/sdks/swift/sdk/.build/arm64-apple-macosx/debug/Api.build/HTTP~partial.swiftmodule",
    "swift-dependencies": "/Users/superbright/Code/brainv3/fern/sdks/swift/sdk/.build/arm64-apple-macosx/debug/Api.build/HTTP.swiftdeps",
    "diagnostics": "/Users/superbright/Code/brainv3/fern/sdks/swift/sdk/.build/arm64-apple-macosx/debug/Api.build/HTTP.dia"
  },
  "/Users/superbright/Code/brainv3/fern/sdks/swift/sdk/Sources/Core/Networking/HTTPClient.swift": {
    "dependencies": "/Users/superbright/Code/brainv3/fern/sdks/swift/sdk/.build/arm64-apple-macosx/debug/Api.build/HTTPClient.d",
    "object": "/Users/superbright/Code/brainv3/fern/sdks/swift/sdk/.build/arm64-apple-macosx/debug/Api.build/HTTPClient.swift.o",
    "swiftmodule": "/Users/superbright/Code/brainv3/fern/sdks/swift/sdk/.build/arm64-apple-macosx/debug/Api.build/HTTPClient~partial.swiftmodule",
    "swift-dependencies": "/Users/superbright/Code/brainv3/fern/sdks/swift/sdk/.build/arm64-apple-macosx/debug/Api.build/HTTPClient.swiftdeps",
    "diagnostics": "/Users/superbright/Code/brainv3/fern/sdks/swift/sdk/.build/arm64-apple-macosx/debug/Api.build/HTTPClient.dia"
  },
  "/Users/superbright/Code/brainv3/fern/sdks/swift/sdk/Sources/Core/Networking/MultipartFormData.swift": {
    "dependencies": "/Users/superbright/Code/brainv3/fern/sdks/swift/sdk/.build/arm64-apple-macosx/debug/Api.build/MultipartFormData.d",
    "object": "/Users/superbright/Code/brainv3/fern/sdks/swift/sdk/.build/arm64-apple-macosx/debug/Api.build/MultipartFormData.swift.o",
    "swiftmodule": "/Users/superbright/Code/brainv3/fern/sdks/swift/sdk/.build/arm64-apple-macosx/debug/Api.build/MultipartFormData~partial.swiftmodule",
    "swift-dependencies": "/Users/superbright/Code/brainv3/fern/sdks/swift/sdk/.build/arm64-apple-macosx/debug/Api.build/MultipartFormData.swiftdeps",
    "diagnostics": "/Users/superbright/Code/brainv3/fern/sdks/swift/sdk/.build/arm64-apple-macosx/debug/Api.build/MultipartFormData.dia"
  },
  "/Users/superbright/Code/brainv3/fern/sdks/swift/sdk/Sources/Core/Networking/MultipartFormDataConvertible.swift": {
    "dependencies": "/Users/superbright/Code/brainv3/fern/sdks/swift/sdk/.build/arm64-apple-macosx/debug/Api.build/MultipartFormDataConvertible.d",
    "object": "/Users/superbright/Code/brainv3/fern/sdks/swift/sdk/.build/arm64-apple-macosx/debug/Api.build/MultipartFormDataConvertible.swift.o",
    "swiftmodule": "/Users/superbright/Code/brainv3/fern/sdks/swift/sdk/.build/arm64-apple-macosx/debug/Api.build/MultipartFormDataConvertible~partial.swiftmodule",
    "swift-dependencies": "/Users/superbright/Code/brainv3/fern/sdks/swift/sdk/.build/arm64-apple-macosx/debug/Api.build/MultipartFormDataConvertible.swiftdeps",
    "diagnostics": "/Users/superbright/Code/brainv3/fern/sdks/swift/sdk/.build/arm64-apple-macosx/debug/Api.build/MultipartFormDataConvertible.dia"
  },
  "/Users/superbright/Code/brainv3/fern/sdks/swift/sdk/Sources/Core/Networking/MultipartFormField.swift": {
    "dependencies": "/Users/superbright/Code/brainv3/fern/sdks/swift/sdk/.build/arm64-apple-macosx/debug/Api.build/MultipartFormField.d",
    "object": "/Users/superbright/Code/brainv3/fern/sdks/swift/sdk/.build/arm64-apple-macosx/debug/Api.build/MultipartFormField.swift.o",
    "swiftmodule": "/Users/superbright/Code/brainv3/fern/sdks/swift/sdk/.build/arm64-apple-macosx/debug/Api.build/MultipartFormField~partial.swiftmodule",
    "swift-dependencies": "/Users/superbright/Code/brainv3/fern/sdks/swift/sdk/.build/arm64-apple-macosx/debug/Api.build/MultipartFormField.swiftdeps",
    "diagnostics": "/Users/superbright/Code/brainv3/fern/sdks/swift/sdk/.build/arm64-apple-macosx/debug/Api.build/MultipartFormField.dia"
  },
  "/Users/superbright/Code/brainv3/fern/sdks/swift/sdk/Sources/Core/Networking/QueryParameter.swift": {
    "dependencies": "/Users/superbright/Code/brainv3/fern/sdks/swift/sdk/.build/arm64-apple-macosx/debug/Api.build/QueryParameter.d",
    "object": "/Users/superbright/Code/brainv3/fern/sdks/swift/sdk/.build/arm64-apple-macosx/debug/Api.build/QueryParameter.swift.o",
    "swiftmodule": "/Users/superbright/Code/brainv3/fern/sdks/swift/sdk/.build/arm64-apple-macosx/debug/Api.build/QueryParameter~partial.swiftmodule",
    "swift-dependencies": "/Users/superbright/Code/brainv3/fern/sdks/swift/sdk/.build/arm64-apple-macosx/debug/Api.build/QueryParameter.swiftdeps",
    "diagnostics": "/Users/superbright/Code/brainv3/fern/sdks/swift/sdk/.build/arm64-apple-macosx/debug/Api.build/QueryParameter.dia"
  },
  "/Users/superbright/Code/brainv3/fern/sdks/swift/sdk/Sources/Core/Serde/Decoder+AdditionalProperties.swift": {
    "dependencies": "/Users/superbright/Code/brainv3/fern/sdks/swift/sdk/.build/arm64-apple-macosx/debug/Api.build/Decoder+AdditionalProperties.d",
    "object": "/Users/superbright/Code/brainv3/fern/sdks/swift/sdk/.build/arm64-apple-macosx/debug/Api.build/Decoder+AdditionalProperties.swift.o",
    "swiftmodule": "/Users/superbright/Code/brainv3/fern/sdks/swift/sdk/.build/arm64-apple-macosx/debug/Api.build/Decoder+AdditionalProperties~partial.swiftmodule",
    "swift-dependencies": "/Users/superbright/Code/brainv3/fern/sdks/swift/sdk/.build/arm64-apple-macosx/debug/Api.build/Decoder+AdditionalProperties.swiftdeps",
    "diagnostics": "/Users/superbright/Code/brainv3/fern/sdks/swift/sdk/.build/arm64-apple-macosx/debug/Api.build/Decoder+AdditionalProperties.dia"
  },
  "/Users/superbright/Code/brainv3/fern/sdks/swift/sdk/Sources/Core/Serde/EncodableValue.swift": {
    "dependencies": "/Users/superbright/Code/brainv3/fern/sdks/swift/sdk/.build/arm64-apple-macosx/debug/Api.build/EncodableValue.d",
    "object": "/Users/superbright/Code/brainv3/fern/sdks/swift/sdk/.build/arm64-apple-macosx/debug/Api.build/EncodableValue.swift.o",
    "swiftmodule": "/Users/superbright/Code/brainv3/fern/sdks/swift/sdk/.build/arm64-apple-macosx/debug/Api.build/EncodableValue~partial.swiftmodule",
    "swift-dependencies": "/Users/superbright/Code/brainv3/fern/sdks/swift/sdk/.build/arm64-apple-macosx/debug/Api.build/EncodableValue.swiftdeps",
    "diagnostics": "/Users/superbright/Code/brainv3/fern/sdks/swift/sdk/.build/arm64-apple-macosx/debug/Api.build/EncodableValue.dia"
  },
  "/Users/superbright/Code/brainv3/fern/sdks/swift/sdk/Sources/Core/Serde/Encoder+AdditionalProperties.swift": {
    "dependencies": "/Users/superbright/Code/brainv3/fern/sdks/swift/sdk/.build/arm64-apple-macosx/debug/Api.build/Encoder+AdditionalProperties.d",
    "object": "/Users/superbright/Code/brainv3/fern/sdks/swift/sdk/.build/arm64-apple-macosx/debug/Api.build/Encoder+AdditionalProperties.swift.o",
    "swiftmodule": "/Users/superbright/Code/brainv3/fern/sdks/swift/sdk/.build/arm64-apple-macosx/debug/Api.build/Encoder+AdditionalProperties~partial.swiftmodule",
    "swift-dependencies": "/Users/superbright/Code/brainv3/fern/sdks/swift/sdk/.build/arm64-apple-macosx/debug/Api.build/Encoder+AdditionalProperties.swiftdeps",
    "diagnostics": "/Users/superbright/Code/brainv3/fern/sdks/swift/sdk/.build/arm64-apple-macosx/debug/Api.build/Encoder+AdditionalProperties.dia"
  },
  "/Users/superbright/Code/brainv3/fern/sdks/swift/sdk/Sources/Core/Serde/JSONEncoder+EncodableValue.swift": {
    "dependencies": "/Users/superbright/Code/brainv3/fern/sdks/swift/sdk/.build/arm64-apple-macosx/debug/Api.build/JSONEncoder+EncodableValue.d",
    "object": "/Users/superbright/Code/brainv3/fern/sdks/swift/sdk/.build/arm64-apple-macosx/debug/Api.build/JSONEncoder+EncodableValue.swift.o",
    "swiftmodule": "/Users/superbright/Code/brainv3/fern/sdks/swift/sdk/.build/arm64-apple-macosx/debug/Api.build/JSONEncoder+EncodableValue~partial.swiftmodule",
    "swift-dependencies": "/Users/superbright/Code/brainv3/fern/sdks/swift/sdk/.build/arm64-apple-macosx/debug/Api.build/JSONEncoder+EncodableValue.swiftdeps",
    "diagnostics": "/Users/superbright/Code/brainv3/fern/sdks/swift/sdk/.build/arm64-apple-macosx/debug/Api.build/JSONEncoder+EncodableValue.dia"
  },
  "/Users/superbright/Code/brainv3/fern/sdks/swift/sdk/Sources/Core/Serde/KeyedDecodingContainer+Nullable.swift": {
    "dependencies": "/Users/superbright/Code/brainv3/fern/sdks/swift/sdk/.build/arm64-apple-macosx/debug/Api.build/KeyedDecodingContainer+Nullable.d",
    "object": "/Users/superbright/Code/brainv3/fern/sdks/swift/sdk/.build/arm64-apple-macosx/debug/Api.build/KeyedDecodingContainer+Nullable.swift.o",
    "swiftmodule": "/Users/superbright/Code/brainv3/fern/sdks/swift/sdk/.build/arm64-apple-macosx/debug/Api.build/KeyedDecodingContainer+Nullable~partial.swiftmodule",
    "swift-dependencies": "/Users/superbright/Code/brainv3/fern/sdks/swift/sdk/.build/arm64-apple-macosx/debug/Api.build/KeyedDecodingContainer+Nullable.swiftdeps",
    "diagnostics": "/Users/superbright/Code/brainv3/fern/sdks/swift/sdk/.build/arm64-apple-macosx/debug/Api.build/KeyedDecodingContainer+Nullable.dia"
  },
  "/Users/superbright/Code/brainv3/fern/sdks/swift/sdk/Sources/Core/Serde/KeyedEncodingContainer+Nullable.swift": {
    "dependencies": "/Users/superbright/Code/brainv3/fern/sdks/swift/sdk/.build/arm64-apple-macosx/debug/Api.build/KeyedEncodingContainer+Nullable.d",
    "object": "/Users/superbright/Code/brainv3/fern/sdks/swift/sdk/.build/arm64-apple-macosx/debug/Api.build/KeyedEncodingContainer+Nullable.swift.o",
    "swiftmodule": "/Users/superbright/Code/brainv3/fern/sdks/swift/sdk/.build/arm64-apple-macosx/debug/Api.build/KeyedEncodingContainer+Nullable~partial.swiftmodule",
    "swift-dependencies": "/Users/superbright/Code/brainv3/fern/sdks/swift/sdk/.build/arm64-apple-macosx/debug/Api.build/KeyedEncodingContainer+Nullable.swiftdeps",
    "diagnostics": "/Users/superbright/Code/brainv3/fern/sdks/swift/sdk/.build/arm64-apple-macosx/debug/Api.build/KeyedEncodingContainer+Nullable.dia"
  },
  "/Users/superbright/Code/brainv3/fern/sdks/swift/sdk/Sources/Core/Serde/Serde.swift": {
    "dependencies": "/Users/superbright/Code/brainv3/fern/sdks/swift/sdk/.build/arm64-apple-macosx/debug/Api.build/Serde.d",
    "object": "/Users/superbright/Code/brainv3/fern/sdks/swift/sdk/.build/arm64-apple-macosx/debug/Api.build/Serde.swift.o",
    "swiftmodule": "/Users/superbright/Code/brainv3/fern/sdks/swift/sdk/.build/arm64-apple-macosx/debug/Api.build/Serde~partial.swiftmodule",
    "swift-dependencies": "/Users/superbright/Code/brainv3/fern/sdks/swift/sdk/.build/arm64-apple-macosx/debug/Api.build/Serde.swiftdeps",
    "diagnostics": "/Users/superbright/Code/brainv3/fern/sdks/swift/sdk/.build/arm64-apple-macosx/debug/Api.build/Serde.dia"
  },
  "/Users/superbright/Code/brainv3/fern/sdks/swift/sdk/Sources/Core/Serde/StringKey.swift": {
    "dependencies": "/Users/superbright/Code/brainv3/fern/sdks/swift/sdk/.build/arm64-apple-macosx/debug/Api.build/StringKey.d",
    "object": "/Users/superbright/Code/brainv3/fern/sdks/swift/sdk/.build/arm64-apple-macosx/debug/Api.build/StringKey.swift.o",
    "swiftmodule": "/Users/superbright/Code/brainv3/fern/sdks/swift/sdk/.build/arm64-apple-macosx/debug/Api.build/StringKey~partial.swiftmodule",
    "swift-dependencies": "/Users/superbright/Code/brainv3/fern/sdks/swift/sdk/.build/arm64-apple-macosx/debug/Api.build/StringKey.swiftdeps",
    "diagnostics": "/Users/superbright/Code/brainv3/fern/sdks/swift/sdk/.build/arm64-apple-macosx/debug/Api.build/StringKey.dia"
  },
  "/Users/superbright/Code/brainv3/fern/sdks/swift/sdk/Sources/Core/String+URLEncoding.swift": {
    "dependencies": "/Users/superbright/Code/brainv3/fern/sdks/swift/sdk/.build/arm64-apple-macosx/debug/Api.build/String+URLEncoding.d",
    "object": "/Users/superbright/Code/brainv3/fern/sdks/swift/sdk/.build/arm64-apple-macosx/debug/Api.build/String+URLEncoding.swift.o",
    "swiftmodule": "/Users/superbright/Code/brainv3/fern/sdks/swift/sdk/.build/arm64-apple-macosx/debug/Api.build/String+URLEncoding~partial.swiftmodule",
    "swift-dependencies": "/Users/superbright/Code/brainv3/fern/sdks/swift/sdk/.build/arm64-apple-macosx/debug/Api.build/String+URLEncoding.swiftdeps",
    "diagnostics": "/Users/superbright/Code/brainv3/fern/sdks/swift/sdk/.build/arm64-apple-macosx/debug/Api.build/String+URLEncoding.dia"
  },
  "/Users/superbright/Code/brainv3/fern/sdks/swift/sdk/Sources/Public/APIErrorResponse.swift": {
    "dependencies": "/Users/superbright/Code/brainv3/fern/sdks/swift/sdk/.build/arm64-apple-macosx/debug/Api.build/APIErrorResponse.d",
    "object": "/Users/superbright/Code/brainv3/fern/sdks/swift/sdk/.build/arm64-apple-macosx/debug/Api.build/APIErrorResponse.swift.o",
    "swiftmodule": "/Users/superbright/Code/brainv3/fern/sdks/swift/sdk/.build/arm64-apple-macosx/debug/Api.build/APIErrorResponse~partial.swiftmodule",
    "swift-dependencies": "/Users/superbright/Code/brainv3/fern/sdks/swift/sdk/.build/arm64-apple-macosx/debug/Api.build/APIErrorResponse.swiftdeps",
    "diagnostics": "/Users/superbright/Code/brainv3/fern/sdks/swift/sdk/.build/arm64-apple-macosx/debug/Api.build/APIErrorResponse.dia"
  },
  "/Users/superbright/Code/brainv3/fern/sdks/swift/sdk/Sources/Public/ClientConfig.swift": {
    "dependencies": "/Users/superbright/Code/brainv3/fern/sdks/swift/sdk/.build/arm64-apple-macosx/debug/Api.build/ClientConfig.d",
    "object": "/Users/superbright/Code/brainv3/fern/sdks/swift/sdk/.build/arm64-apple-macosx/debug/Api.build/ClientConfig.swift.o",
    "swiftmodule": "/Users/superbright/Code/brainv3/fern/sdks/swift/sdk/.build/arm64-apple-macosx/debug/Api.build/ClientConfig~partial.swiftmodule",
    "swift-dependencies": "/Users/superbright/Code/brainv3/fern/sdks/swift/sdk/.build/arm64-apple-macosx/debug/Api.build/ClientConfig.swiftdeps",
    "diagnostics": "/Users/superbright/Code/brainv3/fern/sdks/swift/sdk/.build/arm64-apple-macosx/debug/Api.build/ClientConfig.dia"
  },
  "/Users/superbright/Code/brainv3/fern/sdks/swift/sdk/Sources/Public/ClientError.swift": {
    "dependencies": "/Users/superbright/Code/brainv3/fern/sdks/swift/sdk/.build/arm64-apple-macosx/debug/Api.build/ClientError.d",
    "object": "/Users/superbright/Code/brainv3/fern/sdks/swift/sdk/.build/arm64-apple-macosx/debug/Api.build/ClientError.swift.o",
    "swiftmodule": "/Users/superbright/Code/brainv3/fern/sdks/swift/sdk/.build/arm64-apple-macosx/debug/Api.build/ClientError~partial.swiftmodule",
    "swift-dependencies": "/Users/superbright/Code/brainv3/fern/sdks/swift/sdk/.build/arm64-apple-macosx/debug/Api.build/ClientError.swiftdeps",
    "diagnostics": "/Users/superbright/Code/brainv3/fern/sdks/swift/sdk/.build/arm64-apple-macosx/debug/Api.build/ClientError.dia"
  },
  "/Users/superbright/Code/brainv3/fern/sdks/swift/sdk/Sources/Public/FormFile.swift": {
    "dependencies": "/Users/superbright/Code/brainv3/fern/sdks/swift/sdk/.build/arm64-apple-macosx/debug/Api.build/FormFile.d",
    "object": "/Users/superbright/Code/brainv3/fern/sdks/swift/sdk/.build/arm64-apple-macosx/debug/Api.build/FormFile.swift.o",
    "swiftmodule": "/Users/superbright/Code/brainv3/fern/sdks/swift/sdk/.build/arm64-apple-macosx/debug/Api.build/FormFile~partial.swiftmodule",
    "swift-dependencies": "/Users/superbright/Code/brainv3/fern/sdks/swift/sdk/.build/arm64-apple-macosx/debug/Api.build/FormFile.swiftdeps",
    "diagnostics": "/Users/superbright/Code/brainv3/fern/sdks/swift/sdk/.build/arm64-apple-macosx/debug/Api.build/FormFile.dia"
  },
  "/Users/superbright/Code/brainv3/fern/sdks/swift/sdk/Sources/Public/JSONValue.swift": {
    "dependencies": "/Users/superbright/Code/brainv3/fern/sdks/swift/sdk/.build/arm64-apple-macosx/debug/Api.build/JSONValue.d",
    "object": "/Users/superbright/Code/brainv3/fern/sdks/swift/sdk/.build/arm64-apple-macosx/debug/Api.build/JSONValue.swift.o",
    "swiftmodule": "/Users/superbright/Code/brainv3/fern/sdks/swift/sdk/.build/arm64-apple-macosx/debug/Api.build/JSONValue~partial.swiftmodule",
    "swift-dependencies": "/Users/superbright/Code/brainv3/fern/sdks/swift/sdk/.build/arm64-apple-macosx/debug/Api.build/JSONValue.swiftdeps",
    "diagnostics": "/Users/superbright/Code/brainv3/fern/sdks/swift/sdk/.build/arm64-apple-macosx/debug/Api.build/JSONValue.dia"
  },
  "/Users/superbright/Code/brainv3/fern/sdks/swift/sdk/Sources/Public/Nullable.swift": {
    "dependencies": "/Users/superbright/Code/brainv3/fern/sdks/swift/sdk/.build/arm64-apple-macosx/debug/Api.build/Nullable.d",
    "object": "/Users/superbright/Code/brainv3/fern/sdks/swift/sdk/.build/arm64-apple-macosx/debug/Api.build/Nullable.swift.o",
    "swiftmodule": "/Users/superbright/Code/brainv3/fern/sdks/swift/sdk/.build/arm64-apple-macosx/debug/Api.build/Nullable~partial.swiftmodule",
    "swift-dependencies": "/Users/superbright/Code/brainv3/fern/sdks/swift/sdk/.build/arm64-apple-macosx/debug/Api.build/Nullable.swiftdeps",
    "diagnostics": "/Users/superbright/Code/brainv3/fern/sdks/swift/sdk/.build/arm64-apple-macosx/debug/Api.build/Nullable.dia"
  },
  "/Users/superbright/Code/brainv3/fern/sdks/swift/sdk/Sources/Public/RequestOptions.swift": {
    "dependencies": "/Users/superbright/Code/brainv3/fern/sdks/swift/sdk/.build/arm64-apple-macosx/debug/Api.build/RequestOptions.d",
    "object": "/Users/superbright/Code/brainv3/fern/sdks/swift/sdk/.build/arm64-apple-macosx/debug/Api.build/RequestOptions.swift.o",
    "swiftmodule": "/Users/superbright/Code/brainv3/fern/sdks/swift/sdk/.build/arm64-apple-macosx/debug/Api.build/RequestOptions~partial.swiftmodule",
    "swift-dependencies": "/Users/superbright/Code/brainv3/fern/sdks/swift/sdk/.build/arm64-apple-macosx/debug/Api.build/RequestOptions.swiftdeps",
    "diagnostics": "/Users/superbright/Code/brainv3/fern/sdks/swift/sdk/.build/arm64-apple-macosx/debug/Api.build/RequestOptions.dia"
  },
  "/Users/superbright/Code/brainv3/fern/sdks/swift/sdk/Sources/Requests/Requests+AgentRegister.swift": {
    "dependencies": "/Users/superbright/Code/brainv3/fern/sdks/swift/sdk/.build/arm64-apple-macosx/debug/Api.build/Requests+AgentRegister.d",
    "object": "/Users/superbright/Code/brainv3/fern/sdks/swift/sdk/.build/arm64-apple-macosx/debug/Api.build/Requests+AgentRegister.swift.o",
    "swiftmodule": "/Users/superbright/Code/brainv3/fern/sdks/swift/sdk/.build/arm64-apple-macosx/debug/Api.build/Requests+AgentRegister~partial.swiftmodule",
    "swift-dependencies": "/Users/superbright/Code/brainv3/fern/sdks/swift/sdk/.build/arm64-apple-macosx/debug/Api.build/Requests+AgentRegister.swiftdeps",
    "diagnostics": "/Users/superbright/Code/brainv3/fern/sdks/swift/sdk/.build/arm64-apple-macosx/debug/Api.build/Requests+AgentRegister.dia"
  },
  "/Users/superbright/Code/brainv3/fern/sdks/swift/sdk/Sources/Requests/Requests+BodyResetForgotPasswordAuthResetPasswordForgotPasswordPost.swift": {
    "dependencies": "/Users/superbright/Code/brainv3/fern/sdks/swift/sdk/.build/arm64-apple-macosx/debug/Api.build/Requests+BodyResetForgotPasswordAuthResetPasswordForgotPasswordPost.d",
    "object": "/Users/superbright/Code/brainv3/fern/sdks/swift/sdk/.build/arm64-apple-macosx/debug/Api.build/Requests+BodyResetForgotPasswordAuthResetPasswordForgotPasswordPost.swift.o",
    "swiftmodule": "/Users/superbright/Code/brainv3/fern/sdks/swift/sdk/.build/arm64-apple-macosx/debug/Api.build/Requests+BodyResetForgotPasswordAuthResetPasswordForgotPasswordPost~partial.swiftmodule",
    "swift-dependencies": "/Users/superbright/Code/brainv3/fern/sdks/swift/sdk/.build/arm64-apple-macosx/debug/Api.build/Requests+BodyResetForgotPasswordAuthResetPasswordForgotPasswordPost.swiftdeps",
    "diagnostics": "/Users/superbright/Code/brainv3/fern/sdks/swift/sdk/.build/arm64-apple-macosx/debug/Api.build/Requests+BodyResetForgotPasswordAuthResetPasswordForgotPasswordPost.dia"
  },
  "/Users/superbright/Code/brainv3/fern/sdks/swift/sdk/Sources/Requests/Requests+BodyResetResetPasswordAuthResetPasswordResetPasswordPost.swift": {
    "dependencies": "/Users/superbright/Code/brainv3/fern/sdks/swift/sdk/.build/arm64-apple-macosx/debug/Api.build/Requests+BodyResetResetPasswordAuthResetPasswordResetPasswordPost.d",
    "object": "/Users/superbright/Code/brainv3/fern/sdks/swift/sdk/.build/arm64-apple-macosx/debug/Api.build/Requests+BodyResetResetPasswordAuthResetPasswordResetPasswordPost.swift.o",
    "swiftmodule": "/Users/superbright/Code/brainv3/fern/sdks/swift/sdk/.build/arm64-apple-macosx/debug/Api.build/Requests+BodyResetResetPasswordAuthResetPasswordResetPasswordPost~partial.swiftmodule",
    "swift-dependencies": "/Users/superbright/Code/brainv3/fern/sdks/swift/sdk/.build/arm64-apple-macosx/debug/Api.build/Requests+BodyResetResetPasswordAuthResetPasswordResetPasswordPost.swiftdeps",
    "diagnostics": "/Users/superbright/Code/brainv3/fern/sdks/swift/sdk/.build/arm64-apple-macosx/debug/Api.build/Requests+BodyResetResetPasswordAuthResetPasswordResetPasswordPost.dia"
  },
  "/Users/superbright/Code/brainv3/fern/sdks/swift/sdk/Sources/Requests/Requests+BodyVerifyRequestTokenAuthVerifyRequestVerifyTokenPost.swift": {
    "dependencies": "/Users/superbright/Code/brainv3/fern/sdks/swift/sdk/.build/arm64-apple-macosx/debug/Api.build/Requests+BodyVerifyRequestTokenAuthVerifyRequestVerifyTokenPost.d",
    "object": "/Users/superbright/Code/brainv3/fern/sdks/swift/sdk/.build/arm64-apple-macosx/debug/Api.build/Requests+BodyVerifyRequestTokenAuthVerifyRequestVerifyTokenPost.swift.o",
    "swiftmodule": "/Users/superbright/Code/brainv3/fern/sdks/swift/sdk/.build/arm64-apple-macosx/debug/Api.build/Requests+BodyVerifyRequestTokenAuthVerifyRequestVerifyTokenPost~partial.swiftmodule",
    "swift-dependencies": "/Users/superbright/Code/brainv3/fern/sdks/swift/sdk/.build/arm64-apple-macosx/debug/Api.build/Requests+BodyVerifyRequestTokenAuthVerifyRequestVerifyTokenPost.swiftdeps",
    "diagnostics": "/Users/superbright/Code/brainv3/fern/sdks/swift/sdk/.build/arm64-apple-macosx/debug/Api.build/Requests+BodyVerifyRequestTokenAuthVerifyRequestVerifyTokenPost.dia"
  },
  "/Users/superbright/Code/brainv3/fern/sdks/swift/sdk/Sources/Requests/Requests+BodyVerifyVerifyAuthVerifyVerifyPost.swift": {
    "dependencies": "/Users/superbright/Code/brainv3/fern/sdks/swift/sdk/.build/arm64-apple-macosx/debug/Api.build/Requests+BodyVerifyVerifyAuthVerifyVerifyPost.d",
    "object": "/Users/superbright/Code/brainv3/fern/sdks/swift/sdk/.build/arm64-apple-macosx/debug/Api.build/Requests+BodyVerifyVerifyAuthVerifyVerifyPost.swift.o",
    "swiftmodule": "/Users/superbright/Code/brainv3/fern/sdks/swift/sdk/.build/arm64-apple-macosx/debug/Api.build/Requests+BodyVerifyVerifyAuthVerifyVerifyPost~partial.swiftmodule",
    "swift-dependencies": "/Users/superbright/Code/brainv3/fern/sdks/swift/sdk/.build/arm64-apple-macosx/debug/Api.build/Requests+BodyVerifyVerifyAuthVerifyVerifyPost.swiftdeps",
    "diagnostics": "/Users/superbright/Code/brainv3/fern/sdks/swift/sdk/.build/arm64-apple-macosx/debug/Api.build/Requests+BodyVerifyVerifyAuthVerifyVerifyPost.dia"
  },
  "/Users/superbright/Code/brainv3/fern/sdks/swift/sdk/Sources/Requests/Requests+InputCreate.swift": {
    "dependencies": "/Users/superbright/Code/brainv3/fern/sdks/swift/sdk/.build/arm64-apple-macosx/debug/Api.build/Requests+InputCreate.d",
    "object": "/Users/superbright/Code/brainv3/fern/sdks/swift/sdk/.build/arm64-apple-macosx/debug/Api.build/Requests+InputCreate.swift.o",
    "swiftmodule": "/Users/superbright/Code/brainv3/fern/sdks/swift/sdk/.build/arm64-apple-macosx/debug/Api.build/Requests+InputCreate~partial.swiftmodule",
    "swift-dependencies": "/Users/superbright/Code/brainv3/fern/sdks/swift/sdk/.build/arm64-apple-macosx/debug/Api.build/Requests+InputCreate.swiftdeps",
    "diagnostics": "/Users/superbright/Code/brainv3/fern/sdks/swift/sdk/.build/arm64-apple-macosx/debug/Api.build/Requests+InputCreate.dia"
  },
  "/Users/superbright/Code/brainv3/fern/sdks/swift/sdk/Sources/Requests/Requests+ItemCreate.swift": {
    "dependencies": "/Users/superbright/Code/brainv3/fern/sdks/swift/sdk/.build/arm64-apple-macosx/debug/Api.build/Requests+ItemCreate.d",
    "object": "/Users/superbright/Code/brainv3/fern/sdks/swift/sdk/.build/arm64-apple-macosx/debug/Api.build/Requests+ItemCreate.swift.o",
    "swiftmodule": "/Users/superbright/Code/brainv3/fern/sdks/swift/sdk/.build/arm64-apple-macosx/debug/Api.build/Requests+ItemCreate~partial.swiftmodule",
    "swift-dependencies": "/Users/superbright/Code/brainv3/fern/sdks/swift/sdk/.build/arm64-apple-macosx/debug/Api.build/Requests+ItemCreate.swiftdeps",
    "diagnostics": "/Users/superbright/Code/brainv3/fern/sdks/swift/sdk/.build/arm64-apple-macosx/debug/Api.build/Requests+ItemCreate.dia"
  },
  "/Users/superbright/Code/brainv3/fern/sdks/swift/sdk/Sources/Requests/Requests+MediaCreate.swift": {
    "dependencies": "/Users/superbright/Code/brainv3/fern/sdks/swift/sdk/.build/arm64-apple-macosx/debug/Api.build/Requests+MediaCreate.d",
    "object": "/Users/superbright/Code/brainv3/fern/sdks/swift/sdk/.build/arm64-apple-macosx/debug/Api.build/Requests+MediaCreate.swift.o",
    "swiftmodule": "/Users/superbright/Code/brainv3/fern/sdks/swift/sdk/.build/arm64-apple-macosx/debug/Api.build/Requests+MediaCreate~partial.swiftmodule",
    "swift-dependencies": "/Users/superbright/Code/brainv3/fern/sdks/swift/sdk/.build/arm64-apple-macosx/debug/Api.build/Requests+MediaCreate.swiftdeps",
    "diagnostics": "/Users/superbright/Code/brainv3/fern/sdks/swift/sdk/.build/arm64-apple-macosx/debug/Api.build/Requests+MediaCreate.dia"
  },
  "/Users/superbright/Code/brainv3/fern/sdks/swift/sdk/Sources/Requests/Requests+MediaUpdate.swift": {
    "dependencies": "/Users/superbright/Code/brainv3/fern/sdks/swift/sdk/.build/arm64-apple-macosx/debug/Api.build/Requests+MediaUpdate.d",
    "object": "/Users/superbright/Code/brainv3/fern/sdks/swift/sdk/.build/arm64-apple-macosx/debug/Api.build/Requests+MediaUpdate.swift.o",
    "swiftmodule": "/Users/superbright/Code/brainv3/fern/sdks/swift/sdk/.build/arm64-apple-macosx/debug/Api.build/Requests+MediaUpdate~partial.swiftmodule",
    "swift-dependencies": "/Users/superbright/Code/brainv3/fern/sdks/swift/sdk/.build/arm64-apple-macosx/debug/Api.build/Requests+MediaUpdate.swiftdeps",
    "diagnostics": "/Users/superbright/Code/brainv3/fern/sdks/swift/sdk/.build/arm64-apple-macosx/debug/Api.build/Requests+MediaUpdate.dia"
  },
  "/Users/superbright/Code/brainv3/fern/sdks/swift/sdk/Sources/Requests/Requests+MessageCreate.swift": {
    "dependencies": "/Users/superbright/Code/brainv3/fern/sdks/swift/sdk/.build/arm64-apple-macosx/debug/Api.build/Requests+MessageCreate.d",
    "object": "/Users/superbright/Code/brainv3/fern/sdks/swift/sdk/.build/arm64-apple-macosx/debug/Api.build/Requests+MessageCreate.swift.o",
    "swiftmodule": "/Users/superbright/Code/brainv3/fern/sdks/swift/sdk/.build/arm64-apple-macosx/debug/Api.build/Requests+MessageCreate~partial.swiftmodule",
    "swift-dependencies": "/Users/superbright/Code/brainv3/fern/sdks/swift/sdk/.build/arm64-apple-macosx/debug/Api.build/Requests+MessageCreate.swiftdeps",
    "diagnostics": "/Users/superbright/Code/brainv3/fern/sdks/swift/sdk/.build/arm64-apple-macosx/debug/Api.build/Requests+MessageCreate.dia"
  },
  "/Users/superbright/Code/brainv3/fern/sdks/swift/sdk/Sources/Requests/Requests+ReferenceCreate.swift": {
    "dependencies": "/Users/superbright/Code/brainv3/fern/sdks/swift/sdk/.build/arm64-apple-macosx/debug/Api.build/Requests+ReferenceCreate.d",
    "object": "/Users/superbright/Code/brainv3/fern/sdks/swift/sdk/.build/arm64-apple-macosx/debug/Api.build/Requests+ReferenceCreate.swift.o",
    "swiftmodule": "/Users/superbright/Code/brainv3/fern/sdks/swift/sdk/.build/arm64-apple-macosx/debug/Api.build/Requests+ReferenceCreate~partial.swiftmodule",
    "swift-dependencies": "/Users/superbright/Code/brainv3/fern/sdks/swift/sdk/.build/arm64-apple-macosx/debug/Api.build/Requests+ReferenceCreate.swiftdeps",
    "diagnostics": "/Users/superbright/Code/brainv3/fern/sdks/swift/sdk/.build/arm64-apple-macosx/debug/Api.build/Requests+ReferenceCreate.dia"
  },
  "/Users/superbright/Code/brainv3/fern/sdks/swift/sdk/Sources/Requests/Requests+UserCreate.swift": {
    "dependencies": "/Users/superbright/Code/brainv3/fern/sdks/swift/sdk/.build/arm64-apple-macosx/debug/Api.build/Requests+UserCreate.d",
    "object": "/Users/superbright/Code/brainv3/fern/sdks/swift/sdk/.build/arm64-apple-macosx/debug/Api.build/Requests+UserCreate.swift.o",
    "swiftmodule": "/Users/superbright/Code/brainv3/fern/sdks/swift/sdk/.build/arm64-apple-macosx/debug/Api.build/Requests+UserCreate~partial.swiftmodule",
    "swift-dependencies": "/Users/superbright/Code/brainv3/fern/sdks/swift/sdk/.build/arm64-apple-macosx/debug/Api.build/Requests+UserCreate.swiftdeps",
    "diagnostics": "/Users/superbright/Code/brainv3/fern/sdks/swift/sdk/.build/arm64-apple-macosx/debug/Api.build/Requests+UserCreate.dia"
  },
  "/Users/superbright/Code/brainv3/fern/sdks/swift/sdk/Sources/Requests/Requests.swift": {
    "dependencies": "/Users/superbright/Code/brainv3/fern/sdks/swift/sdk/.build/arm64-apple-macosx/debug/Api.build/Requests.d",
    "object": "/Users/superbright/Code/brainv3/fern/sdks/swift/sdk/.build/arm64-apple-macosx/debug/Api.build/Requests.swift.o",
    "swiftmodule": "/Users/superbright/Code/brainv3/fern/sdks/swift/sdk/.build/arm64-apple-macosx/debug/Api.build/Requests~partial.swiftmodule",
    "swift-dependencies": "/Users/superbright/Code/brainv3/fern/sdks/swift/sdk/.build/arm64-apple-macosx/debug/Api.build/Requests.swiftdeps",
    "diagnostics": "/Users/superbright/Code/brainv3/fern/sdks/swift/sdk/.build/arm64-apple-macosx/debug/Api.build/Requests.dia"
  },
  "/Users/superbright/Code/brainv3/fern/sdks/swift/sdk/Sources/Resources/Agents/AgentsClient.swift": {
    "dependencies": "/Users/superbright/Code/brainv3/fern/sdks/swift/sdk/.build/arm64-apple-macosx/debug/Api.build/AgentsClient.d",
    "object": "/Users/superbright/Code/brainv3/fern/sdks/swift/sdk/.build/arm64-apple-macosx/debug/Api.build/AgentsClient.swift.o",
    "swiftmodule": "/Users/superbright/Code/brainv3/fern/sdks/swift/sdk/.build/arm64-apple-macosx/debug/Api.build/AgentsClient~partial.swiftmodule",
    "swift-dependencies": "/Users/superbright/Code/brainv3/fern/sdks/swift/sdk/.build/arm64-apple-macosx/debug/Api.build/AgentsClient.swiftdeps",
    "diagnostics": "/Users/superbright/Code/brainv3/fern/sdks/swift/sdk/.build/arm64-apple-macosx/debug/Api.build/AgentsClient.dia"
  },
  "/Users/superbright/Code/brainv3/fern/sdks/swift/sdk/Sources/Resources/Auth/AuthClient.swift": {
    "dependencies": "/Users/superbright/Code/brainv3/fern/sdks/swift/sdk/.build/arm64-apple-macosx/debug/Api.build/AuthClient.d",
    "object": "/Users/superbright/Code/brainv3/fern/sdks/swift/sdk/.build/arm64-apple-macosx/debug/Api.build/AuthClient.swift.o",
    "swiftmodule": "/Users/superbright/Code/brainv3/fern/sdks/swift/sdk/.build/arm64-apple-macosx/debug/Api.build/AuthClient~partial.swiftmodule",
    "swift-dependencies": "/Users/superbright/Code/brainv3/fern/sdks/swift/sdk/.build/arm64-apple-macosx/debug/Api.build/AuthClient.swiftdeps",
    "diagnostics": "/Users/superbright/Code/brainv3/fern/sdks/swift/sdk/.build/arm64-apple-macosx/debug/Api.build/AuthClient.dia"
  },
  "/Users/superbright/Code/brainv3/fern/sdks/swift/sdk/Sources/Resources/Inputs/InputsClient.swift": {
    "dependencies": "/Users/superbright/Code/brainv3/fern/sdks/swift/sdk/.build/arm64-apple-macosx/debug/Api.build/InputsClient.d",
    "object": "/Users/superbright/Code/brainv3/fern/sdks/swift/sdk/.build/arm64-apple-macosx/debug/Api.build/InputsClient.swift.o",
    "swiftmodule": "/Users/superbright/Code/brainv3/fern/sdks/swift/sdk/.build/arm64-apple-macosx/debug/Api.build/InputsClient~partial.swiftmodule",
    "swift-dependencies": "/Users/superbright/Code/brainv3/fern/sdks/swift/sdk/.build/arm64-apple-macosx/debug/Api.build/InputsClient.swiftdeps",
    "diagnostics": "/Users/superbright/Code/brainv3/fern/sdks/swift/sdk/.build/arm64-apple-macosx/debug/Api.build/InputsClient.dia"
  },
  "/Users/superbright/Code/brainv3/fern/sdks/swift/sdk/Sources/Resources/Items/ItemsClient.swift": {
    "dependencies": "/Users/superbright/Code/brainv3/fern/sdks/swift/sdk/.build/arm64-apple-macosx/debug/Api.build/ItemsClient.d",
    "object": "/Users/superbright/Code/brainv3/fern/sdks/swift/sdk/.build/arm64-apple-macosx/debug/Api.build/ItemsClient.swift.o",
    "swiftmodule": "/Users/superbright/Code/brainv3/fern/sdks/swift/sdk/.build/arm64-apple-macosx/debug/Api.build/ItemsClient~partial.swiftmodule",
    "swift-dependencies": "/Users/superbright/Code/brainv3/fern/sdks/swift/sdk/.build/arm64-apple-macosx/debug/Api.build/ItemsClient.swiftdeps",
    "diagnostics": "/Users/superbright/Code/brainv3/fern/sdks/swift/sdk/.build/arm64-apple-macosx/debug/Api.build/ItemsClient.dia"
  },
  "/Users/superbright/Code/brainv3/fern/sdks/swift/sdk/Sources/Resources/Jobs/JobsClient.swift": {
    "dependencies": "/Users/superbright/Code/brainv3/fern/sdks/swift/sdk/.build/arm64-apple-macosx/debug/Api.build/JobsClient.d",
    "object": "/Users/superbright/Code/brainv3/fern/sdks/swift/sdk/.build/arm64-apple-macosx/debug/Api.build/JobsClient.swift.o",
    "swiftmodule": "/Users/superbright/Code/brainv3/fern/sdks/swift/sdk/.build/arm64-apple-macosx/debug/Api.build/JobsClient~partial.swiftmodule",
    "swift-dependencies": "/Users/superbright/Code/brainv3/fern/sdks/swift/sdk/.build/arm64-apple-macosx/debug/Api.build/JobsClient.swiftdeps",
    "diagnostics": "/Users/superbright/Code/brainv3/fern/sdks/swift/sdk/.build/arm64-apple-macosx/debug/Api.build/JobsClient.dia"
  },
  "/Users/superbright/Code/brainv3/fern/sdks/swift/sdk/Sources/Resources/Media/MediaClient.swift": {
    "dependencies": "/Users/superbright/Code/brainv3/fern/sdks/swift/sdk/.build/arm64-apple-macosx/debug/Api.build/MediaClient.d",
    "object": "/Users/superbright/Code/brainv3/fern/sdks/swift/sdk/.build/arm64-apple-macosx/debug/Api.build/MediaClient.swift.o",
    "swiftmodule": "/Users/superbright/Code/brainv3/fern/sdks/swift/sdk/.build/arm64-apple-macosx/debug/Api.build/MediaClient~partial.swiftmodule",
    "swift-dependencies": "/Users/superbright/Code/brainv3/fern/sdks/swift/sdk/.build/arm64-apple-macosx/debug/Api.build/MediaClient.swiftdeps",
    "diagnostics": "/Users/superbright/Code/brainv3/fern/sdks/swift/sdk/.build/arm64-apple-macosx/debug/Api.build/MediaClient.dia"
  },
  "/Users/superbright/Code/brainv3/fern/sdks/swift/sdk/Sources/Resources/Messages/MessagesClient.swift": {
    "dependencies": "/Users/superbright/Code/brainv3/fern/sdks/swift/sdk/.build/arm64-apple-macosx/debug/Api.build/MessagesClient.d",
    "object": "/Users/superbright/Code/brainv3/fern/sdks/swift/sdk/.build/arm64-apple-macosx/debug/Api.build/MessagesClient.swift.o",
    "swiftmodule": "/Users/superbright/Code/brainv3/fern/sdks/swift/sdk/.build/arm64-apple-macosx/debug/Api.build/MessagesClient~partial.swiftmodule",
    "swift-dependencies": "/Users/superbright/Code/brainv3/fern/sdks/swift/sdk/.build/arm64-apple-macosx/debug/Api.build/MessagesClient.swiftdeps",
    "diagnostics": "/Users/superbright/Code/brainv3/fern/sdks/swift/sdk/.build/arm64-apple-macosx/debug/Api.build/MessagesClient.dia"
  },
  "/Users/superbright/Code/brainv3/fern/sdks/swift/sdk/Sources/Resources/References/ReferencesClient.swift": {
    "dependencies": "/Users/superbright/Code/brainv3/fern/sdks/swift/sdk/.build/arm64-apple-macosx/debug/Api.build/ReferencesClient.d",
    "object": "/Users/superbright/Code/brainv3/fern/sdks/swift/sdk/.build/arm64-apple-macosx/debug/Api.build/ReferencesClient.swift.o",
    "swiftmodule": "/Users/superbright/Code/brainv3/fern/sdks/swift/sdk/.build/arm64-apple-macosx/debug/Api.build/ReferencesClient~partial.swiftmodule",
    "swift-dependencies": "/Users/superbright/Code/brainv3/fern/sdks/swift/sdk/.build/arm64-apple-macosx/debug/Api.build/ReferencesClient.swiftdeps",
    "diagnostics": "/Users/superbright/Code/brainv3/fern/sdks/swift/sdk/.build/arm64-apple-macosx/debug/Api.build/ReferencesClient.dia"
  },
  "/Users/superbright/Code/brainv3/fern/sdks/swift/sdk/Sources/Resources/Storage/StorageClient.swift": {
    "dependencies": "/Users/superbright/Code/brainv3/fern/sdks/swift/sdk/.build/arm64-apple-macosx/debug/Api.build/StorageClient.d",
    "object": "/Users/superbright/Code/brainv3/fern/sdks/swift/sdk/.build/arm64-apple-macosx/debug/Api.build/StorageClient.swift.o",
    "swiftmodule": "/Users/superbright/Code/brainv3/fern/sdks/swift/sdk/.build/arm64-apple-macosx/debug/Api.build/StorageClient~partial.swiftmodule",
    "swift-dependencies": "/Users/superbright/Code/brainv3/fern/sdks/swift/sdk/.build/arm64-apple-macosx/debug/Api.build/StorageClient.swiftdeps",
    "diagnostics": "/Users/superbright/Code/brainv3/fern/sdks/swift/sdk/.build/arm64-apple-macosx/debug/Api.build/StorageClient.dia"
  },
  "/Users/superbright/Code/brainv3/fern/sdks/swift/sdk/Sources/Schemas/AgentRead.swift": {
    "dependencies": "/Users/superbright/Code/brainv3/fern/sdks/swift/sdk/.build/arm64-apple-macosx/debug/Api.build/AgentRead.d",
    "object": "/Users/superbright/Code/brainv3/fern/sdks/swift/sdk/.build/arm64-apple-macosx/debug/Api.build/AgentRead.swift.o",
    "swiftmodule": "/Users/superbright/Code/brainv3/fern/sdks/swift/sdk/.build/arm64-apple-macosx/debug/Api.build/AgentRead~partial.swiftmodule",
    "swift-dependencies": "/Users/superbright/Code/brainv3/fern/sdks/swift/sdk/.build/arm64-apple-macosx/debug/Api.build/AgentRead.swiftdeps",
    "diagnostics": "/Users/superbright/Code/brainv3/fern/sdks/swift/sdk/.build/arm64-apple-macosx/debug/Api.build/AgentRead.dia"
  },
  "/Users/superbright/Code/brainv3/fern/sdks/swift/sdk/Sources/Schemas/AlbumArtistPair.swift": {
    "dependencies": "/Users/superbright/Code/brainv3/fern/sdks/swift/sdk/.build/arm64-apple-macosx/debug/Api.build/AlbumArtistPair.d",
    "object": "/Users/superbright/Code/brainv3/fern/sdks/swift/sdk/.build/arm64-apple-macosx/debug/Api.build/AlbumArtistPair.swift.o",
    "swiftmodule": "/Users/superbright/Code/brainv3/fern/sdks/swift/sdk/.build/arm64-apple-macosx/debug/Api.build/AlbumArtistPair~partial.swiftmodule",
    "swift-dependencies": "/Users/superbright/Code/brainv3/fern/sdks/swift/sdk/.build/arm64-apple-macosx/debug/Api.build/AlbumArtistPair.swiftdeps",
    "diagnostics": "/Users/superbright/Code/brainv3/fern/sdks/swift/sdk/.build/arm64-apple-macosx/debug/Api.build/AlbumArtistPair.dia"
  },
  "/Users/superbright/Code/brainv3/fern/sdks/swift/sdk/Sources/Schemas/Author.swift": {
    "dependencies": "/Users/superbright/Code/brainv3/fern/sdks/swift/sdk/.build/arm64-apple-macosx/debug/Api.build/Author.d",
    "object": "/Users/superbright/Code/brainv3/fern/sdks/swift/sdk/.build/arm64-apple-macosx/debug/Api.build/Author.swift.o",
    "swiftmodule": "/Users/superbright/Code/brainv3/fern/sdks/swift/sdk/.build/arm64-apple-macosx/debug/Api.build/Author~partial.swiftmodule",
    "swift-dependencies": "/Users/superbright/Code/brainv3/fern/sdks/swift/sdk/.build/arm64-apple-macosx/debug/Api.build/Author.swiftdeps",
    "diagnostics": "/Users/superbright/Code/brainv3/fern/sdks/swift/sdk/.build/arm64-apple-macosx/debug/Api.build/Author.dia"
  },
  "/Users/superbright/Code/brainv3/fern/sdks/swift/sdk/Sources/Schemas/AuthorBio.swift": {
    "dependencies": "/Users/superbright/Code/brainv3/fern/sdks/swift/sdk/.build/arm64-apple-macosx/debug/Api.build/AuthorBio.d",
    "object": "/Users/superbright/Code/brainv3/fern/sdks/swift/sdk/.build/arm64-apple-macosx/debug/Api.build/AuthorBio.swift.o",
    "swiftmodule": "/Users/superbright/Code/brainv3/fern/sdks/swift/sdk/.build/arm64-apple-macosx/debug/Api.build/AuthorBio~partial.swiftmodule",
    "swift-dependencies": "/Users/superbright/Code/brainv3/fern/sdks/swift/sdk/.build/arm64-apple-macosx/debug/Api.build/AuthorBio.swiftdeps",
    "diagnostics": "/Users/superbright/Code/brainv3/fern/sdks/swift/sdk/.build/arm64-apple-macosx/debug/Api.build/AuthorBio.dia"
  },
  "/Users/superbright/Code/brainv3/fern/sdks/swift/sdk/Sources/Schemas/AuthorLink.swift": {
    "dependencies": "/Users/superbright/Code/brainv3/fern/sdks/swift/sdk/.build/arm64-apple-macosx/debug/Api.build/AuthorLink.d",
    "object": "/Users/superbright/Code/brainv3/fern/sdks/swift/sdk/.build/arm64-apple-macosx/debug/Api.build/AuthorLink.swift.o",
    "swiftmodule": "/Users/superbright/Code/brainv3/fern/sdks/swift/sdk/.build/arm64-apple-macosx/debug/Api.build/AuthorLink~partial.swiftmodule",
    "swift-dependencies": "/Users/superbright/Code/brainv3/fern/sdks/swift/sdk/.build/arm64-apple-macosx/debug/Api.build/AuthorLink.swiftdeps",
    "diagnostics": "/Users/superbright/Code/brainv3/fern/sdks/swift/sdk/.build/arm64-apple-macosx/debug/Api.build/AuthorLink.dia"
  },
  "/Users/superbright/Code/brainv3/fern/sdks/swift/sdk/Sources/Schemas/AuthorPhotosItem.swift": {
    "dependencies": "/Users/superbright/Code/brainv3/fern/sdks/swift/sdk/.build/arm64-apple-macosx/debug/Api.build/AuthorPhotosItem.d",
    "object": "/Users/superbright/Code/brainv3/fern/sdks/swift/sdk/.build/arm64-apple-macosx/debug/Api.build/AuthorPhotosItem.swift.o",
    "swiftmodule": "/Users/superbright/Code/brainv3/fern/sdks/swift/sdk/.build/arm64-apple-macosx/debug/Api.build/AuthorPhotosItem~partial.swiftmodule",
    "swift-dependencies": "/Users/superbright/Code/brainv3/fern/sdks/swift/sdk/.build/arm64-apple-macosx/debug/Api.build/AuthorPhotosItem.swiftdeps",
    "diagnostics": "/Users/superbright/Code/brainv3/fern/sdks/swift/sdk/.build/arm64-apple-macosx/debug/Api.build/AuthorPhotosItem.dia"
  },
  "/Users/superbright/Code/brainv3/fern/sdks/swift/sdk/Sources/Schemas/BearerResponse.swift": {
    "dependencies": "/Users/superbright/Code/brainv3/fern/sdks/swift/sdk/.build/arm64-apple-macosx/debug/Api.build/BearerResponse.d",
    "object": "/Users/superbright/Code/brainv3/fern/sdks/swift/sdk/.build/arm64-apple-macosx/debug/Api.build/BearerResponse.swift.o",
    "swiftmodule": "/Users/superbright/Code/brainv3/fern/sdks/swift/sdk/.build/arm64-apple-macosx/debug/Api.build/BearerResponse~partial.swiftmodule",
    "swift-dependencies": "/Users/superbright/Code/brainv3/fern/sdks/swift/sdk/.build/arm64-apple-macosx/debug/Api.build/BearerResponse.swiftdeps",
    "diagnostics": "/Users/superbright/Code/brainv3/fern/sdks/swift/sdk/.build/arm64-apple-macosx/debug/Api.build/BearerResponse.dia"
  },
  "/Users/superbright/Code/brainv3/fern/sdks/swift/sdk/Sources/Schemas/Bio.swift": {
    "dependencies": "/Users/superbright/Code/brainv3/fern/sdks/swift/sdk/.build/arm64-apple-macosx/debug/Api.build/Bio.d",
    "object": "/Users/superbright/Code/brainv3/fern/sdks/swift/sdk/.build/arm64-apple-macosx/debug/Api.build/Bio.swift.o",
    "swiftmodule": "/Users/superbright/Code/brainv3/fern/sdks/swift/sdk/.build/arm64-apple-macosx/debug/Api.build/Bio~partial.swiftmodule",
    "swift-dependencies": "/Users/superbright/Code/brainv3/fern/sdks/swift/sdk/.build/arm64-apple-macosx/debug/Api.build/Bio.swiftdeps",
    "diagnostics": "/Users/superbright/Code/brainv3/fern/sdks/swift/sdk/.build/arm64-apple-macosx/debug/Api.build/Bio.dia"
  },
  "/Users/superbright/Code/brainv3/fern/sdks/swift/sdk/Sources/Schemas/BodyAuthJwtLoginAuthJwtLoginPost.swift": {
    "dependencies": "/Users/superbright/Code/brainv3/fern/sdks/swift/sdk/.build/arm64-apple-macosx/debug/Api.build/BodyAuthJwtLoginAuthJwtLoginPost.d",
    "object": "/Users/superbright/Code/brainv3/fern/sdks/swift/sdk/.build/arm64-apple-macosx/debug/Api.build/BodyAuthJwtLoginAuthJwtLoginPost.swift.o",
    "swiftmodule": "/Users/superbright/Code/brainv3/fern/sdks/swift/sdk/.build/arm64-apple-macosx/debug/Api.build/BodyAuthJwtLoginAuthJwtLoginPost~partial.swiftmodule",
    "swift-dependencies": "/Users/superbright/Code/brainv3/fern/sdks/swift/sdk/.build/arm64-apple-macosx/debug/Api.build/BodyAuthJwtLoginAuthJwtLoginPost.swiftdeps",
    "diagnostics": "/Users/superbright/Code/brainv3/fern/sdks/swift/sdk/.build/arm64-apple-macosx/debug/Api.build/BodyAuthJwtLoginAuthJwtLoginPost.dia"
  },
  "/Users/superbright/Code/brainv3/fern/sdks/swift/sdk/Sources/Schemas/BookHypotheses.swift": {
    "dependencies": "/Users/superbright/Code/brainv3/fern/sdks/swift/sdk/.build/arm64-apple-macosx/debug/Api.build/BookHypotheses.d",
    "object": "/Users/superbright/Code/brainv3/fern/sdks/swift/sdk/.build/arm64-apple-macosx/debug/Api.build/BookHypotheses.swift.o",
    "swiftmodule": "/Users/superbright/Code/brainv3/fern/sdks/swift/sdk/.build/arm64-apple-macosx/debug/Api.build/BookHypotheses~partial.swiftmodule",
    "swift-dependencies": "/Users/superbright/Code/brainv3/fern/sdks/swift/sdk/.build/arm64-apple-macosx/debug/Api.build/BookHypotheses.swiftdeps",
    "diagnostics": "/Users/superbright/Code/brainv3/fern/sdks/swift/sdk/.build/arm64-apple-macosx/debug/Api.build/BookHypotheses.dia"
  },
  "/Users/superbright/Code/brainv3/fern/sdks/swift/sdk/Sources/Schemas/DecisionResults.swift": {
    "dependencies": "/Users/superbright/Code/brainv3/fern/sdks/swift/sdk/.build/arm64-apple-macosx/debug/Api.build/DecisionResults.d",
    "object": "/Users/superbright/Code/brainv3/fern/sdks/swift/sdk/.build/arm64-apple-macosx/debug/Api.build/DecisionResults.swift.o",
    "swiftmodule": "/Users/superbright/Code/brainv3/fern/sdks/swift/sdk/.build/arm64-apple-macosx/debug/Api.build/DecisionResults~partial.swiftmodule",
    "swift-dependencies": "/Users/superbright/Code/brainv3/fern/sdks/swift/sdk/.build/arm64-apple-macosx/debug/Api.build/DecisionResults.swiftdeps",
    "diagnostics": "/Users/superbright/Code/brainv3/fern/sdks/swift/sdk/.build/arm64-apple-macosx/debug/Api.build/DecisionResults.dia"
  },
  "/Users/superbright/Code/brainv3/fern/sdks/swift/sdk/Sources/Schemas/Detail.swift": {
    "dependencies": "/Users/superbright/Code/brainv3/fern/sdks/swift/sdk/.build/arm64-apple-macosx/debug/Api.build/Detail.d",
    "object": "/Users/superbright/Code/brainv3/fern/sdks/swift/sdk/.build/arm64-apple-macosx/debug/Api.build/Detail.swift.o",
    "swiftmodule": "/Users/superbright/Code/brainv3/fern/sdks/swift/sdk/.build/arm64-apple-macosx/debug/Api.build/Detail~partial.swiftmodule",
    "swift-dependencies": "/Users/superbright/Code/brainv3/fern/sdks/swift/sdk/.build/arm64-apple-macosx/debug/Api.build/Detail.swiftdeps",
    "diagnostics": "/Users/superbright/Code/brainv3/fern/sdks/swift/sdk/.build/arm64-apple-macosx/debug/Api.build/Detail.dia"
  },
  "/Users/superbright/Code/brainv3/fern/sdks/swift/sdk/Sources/Schemas/ErrorMessageData.swift": {
    "dependencies": "/Users/superbright/Code/brainv3/fern/sdks/swift/sdk/.build/arm64-apple-macosx/debug/Api.build/ErrorMessageData.d",
    "object": "/Users/superbright/Code/brainv3/fern/sdks/swift/sdk/.build/arm64-apple-macosx/debug/Api.build/ErrorMessageData.swift.o",
    "swiftmodule": "/Users/superbright/Code/brainv3/fern/sdks/swift/sdk/.build/arm64-apple-macosx/debug/Api.build/ErrorMessageData~partial.swiftmodule",
    "swift-dependencies": "/Users/superbright/Code/brainv3/fern/sdks/swift/sdk/.build/arm64-apple-macosx/debug/Api.build/ErrorMessageData.swiftdeps",
    "diagnostics": "/Users/superbright/Code/brainv3/fern/sdks/swift/sdk/.build/arm64-apple-macosx/debug/Api.build/ErrorMessageData.dia"
  },
  "/Users/superbright/Code/brainv3/fern/sdks/swift/sdk/Sources/Schemas/ErrorModel.swift": {
    "dependencies": "/Users/superbright/Code/brainv3/fern/sdks/swift/sdk/.build/arm64-apple-macosx/debug/Api.build/ErrorModel.d",
    "object": "/Users/superbright/Code/brainv3/fern/sdks/swift/sdk/.build/arm64-apple-macosx/debug/Api.build/ErrorModel.swift.o",
    "swiftmodule": "/Users/superbright/Code/brainv3/fern/sdks/swift/sdk/.build/arm64-apple-macosx/debug/Api.build/ErrorModel~partial.swiftmodule",
    "swift-dependencies": "/Users/superbright/Code/brainv3/fern/sdks/swift/sdk/.build/arm64-apple-macosx/debug/Api.build/ErrorModel.swiftdeps",
    "diagnostics": "/Users/superbright/Code/brainv3/fern/sdks/swift/sdk/.build/arm64-apple-macosx/debug/Api.build/ErrorModel.dia"
  },
  "/Users/superbright/Code/brainv3/fern/sdks/swift/sdk/Sources/Schemas/GetTypedMessageMessagesJobUuidTypedMessageIdGetResponse.swift": {
    "dependencies": "/Users/superbright/Code/brainv3/fern/sdks/swift/sdk/.build/arm64-apple-macosx/debug/Api.build/GetTypedMessageMessagesJobUuidTypedMessageIdGetResponse.d",
    "object": "/Users/superbright/Code/brainv3/fern/sdks/swift/sdk/.build/arm64-apple-macosx/debug/Api.build/GetTypedMessageMessagesJobUuidTypedMessageIdGetResponse.swift.o",
    "swiftmodule": "/Users/superbright/Code/brainv3/fern/sdks/swift/sdk/.build/arm64-apple-macosx/debug/Api.build/GetTypedMessageMessagesJobUuidTypedMessageIdGetResponse~partial.swiftmodule",
    "swift-dependencies": "/Users/superbright/Code/brainv3/fern/sdks/swift/sdk/.build/arm64-apple-macosx/debug/Api.build/GetTypedMessageMessagesJobUuidTypedMessageIdGetResponse.swiftdeps",
    "diagnostics": "/Users/superbright/Code/brainv3/fern/sdks/swift/sdk/.build/arm64-apple-macosx/debug/Api.build/GetTypedMessageMessagesJobUuidTypedMessageIdGetResponse.dia"
  },
  "/Users/superbright/Code/brainv3/fern/sdks/swift/sdk/Sources/Schemas/HttpValidationError.swift": {
    "dependencies": "/Users/superbright/Code/brainv3/fern/sdks/swift/sdk/.build/arm64-apple-macosx/debug/Api.build/HttpValidationError.d",
    "object": "/Users/superbright/Code/brainv3/fern/sdks/swift/sdk/.build/arm64-apple-macosx/debug/Api.build/HttpValidationError.swift.o",
    "swiftmodule": "/Users/superbright/Code/brainv3/fern/sdks/swift/sdk/.build/arm64-apple-macosx/debug/Api.build/HttpValidationError~partial.swiftmodule",
    "swift-dependencies": "/Users/superbright/Code/brainv3/fern/sdks/swift/sdk/.build/arm64-apple-macosx/debug/Api.build/HttpValidationError.swiftdeps",
    "diagnostics": "/Users/superbright/Code/brainv3/fern/sdks/swift/sdk/.build/arm64-apple-macosx/debug/Api.build/HttpValidationError.dia"
  },
  "/Users/superbright/Code/brainv3/fern/sdks/swift/sdk/Sources/Schemas/Hypotheses.swift": {
    "dependencies": "/Users/superbright/Code/brainv3/fern/sdks/swift/sdk/.build/arm64-apple-macosx/debug/Api.build/Hypotheses.d",
    "object": "/Users/superbright/Code/brainv3/fern/sdks/swift/sdk/.build/arm64-apple-macosx/debug/Api.build/Hypotheses.swift.o",
    "swiftmodule": "/Users/superbright/Code/brainv3/fern/sdks/swift/sdk/.build/arm64-apple-macosx/debug/Api.build/Hypotheses~partial.swiftmodule",
    "swift-dependencies": "/Users/superbright/Code/brainv3/fern/sdks/swift/sdk/.build/arm64-apple-macosx/debug/Api.build/Hypotheses.swiftdeps",
    "diagnostics": "/Users/superbright/Code/brainv3/fern/sdks/swift/sdk/.build/arm64-apple-macosx/debug/Api.build/Hypotheses.dia"
  },
  "/Users/superbright/Code/brainv3/fern/sdks/swift/sdk/Sources/Schemas/InputRead.swift": {
    "dependencies": "/Users/superbright/Code/brainv3/fern/sdks/swift/sdk/.build/arm64-apple-macosx/debug/Api.build/InputRead.d",
    "object": "/Users/superbright/Code/brainv3/fern/sdks/swift/sdk/.build/arm64-apple-macosx/debug/Api.build/InputRead.swift.o",
    "swiftmodule": "/Users/superbright/Code/brainv3/fern/sdks/swift/sdk/.build/arm64-apple-macosx/debug/Api.build/InputRead~partial.swiftmodule",
    "swift-dependencies": "/Users/superbright/Code/brainv3/fern/sdks/swift/sdk/.build/arm64-apple-macosx/debug/Api.build/InputRead.swiftdeps",
    "diagnostics": "/Users/superbright/Code/brainv3/fern/sdks/swift/sdk/.build/arm64-apple-macosx/debug/Api.build/InputRead.dia"
  },
  "/Users/superbright/Code/brainv3/fern/sdks/swift/sdk/Sources/Schemas/InputTypeEnum.swift": {
    "dependencies": "/Users/superbright/Code/brainv3/fern/sdks/swift/sdk/.build/arm64-apple-macosx/debug/Api.build/InputTypeEnum.d",
    "object": "/Users/superbright/Code/brainv3/fern/sdks/swift/sdk/.build/arm64-apple-macosx/debug/Api.build/InputTypeEnum.swift.o",
    "swiftmodule": "/Users/superbright/Code/brainv3/fern/sdks/swift/sdk/.build/arm64-apple-macosx/debug/Api.build/InputTypeEnum~partial.swiftmodule",
    "swift-dependencies": "/Users/superbright/Code/brainv3/fern/sdks/swift/sdk/.build/arm64-apple-macosx/debug/Api.build/InputTypeEnum.swiftdeps",
    "diagnostics": "/Users/superbright/Code/brainv3/fern/sdks/swift/sdk/.build/arm64-apple-macosx/debug/Api.build/InputTypeEnum.dia"
  },
  "/Users/superbright/Code/brainv3/fern/sdks/swift/sdk/Sources/Schemas/ItemClassificationData.swift": {
    "dependencies": "/Users/superbright/Code/brainv3/fern/sdks/swift/sdk/.build/arm64-apple-macosx/debug/Api.build/ItemClassificationData.d",
    "object": "/Users/superbright/Code/brainv3/fern/sdks/swift/sdk/.build/arm64-apple-macosx/debug/Api.build/ItemClassificationData.swift.o",
    "swiftmodule": "/Users/superbright/Code/brainv3/fern/sdks/swift/sdk/.build/arm64-apple-macosx/debug/Api.build/ItemClassificationData~partial.swiftmodule",
    "swift-dependencies": "/Users/superbright/Code/brainv3/fern/sdks/swift/sdk/.build/arm64-apple-macosx/debug/Api.build/ItemClassificationData.swiftdeps",
    "diagnostics": "/Users/superbright/Code/brainv3/fern/sdks/swift/sdk/.build/arm64-apple-macosx/debug/Api.build/ItemClassificationData.dia"
  },
  "/Users/superbright/Code/brainv3/fern/sdks/swift/sdk/Sources/Schemas/ItemRead.swift": {
    "dependencies": "/Users/superbright/Code/brainv3/fern/sdks/swift/sdk/.build/arm64-apple-macosx/debug/Api.build/ItemRead.d",
    "object": "/Users/superbright/Code/brainv3/fern/sdks/swift/sdk/.build/arm64-apple-macosx/debug/Api.build/ItemRead.swift.o",
    "swiftmodule": "/Users/superbright/Code/brainv3/fern/sdks/swift/sdk/.build/arm64-apple-macosx/debug/Api.build/ItemRead~partial.swiftmodule",
    "swift-dependencies": "/Users/superbright/Code/brainv3/fern/sdks/swift/sdk/.build/arm64-apple-macosx/debug/Api.build/ItemRead.swiftdeps",
    "diagnostics": "/Users/superbright/Code/brainv3/fern/sdks/swift/sdk/.build/arm64-apple-macosx/debug/Api.build/ItemRead.dia"
  },
  "/Users/superbright/Code/brainv3/fern/sdks/swift/sdk/Sources/Schemas/ItemReadWithRelations.swift": {
    "dependencies": "/Users/superbright/Code/brainv3/fern/sdks/swift/sdk/.build/arm64-apple-macosx/debug/Api.build/ItemReadWithRelations.d",
    "object": "/Users/superbright/Code/brainv3/fern/sdks/swift/sdk/.build/arm64-apple-macosx/debug/Api.build/ItemReadWithRelations.swift.o",
    "swiftmodule": "/Users/superbright/Code/brainv3/fern/sdks/swift/sdk/.build/arm64-apple-macosx/debug/Api.build/ItemReadWithRelations~partial.swiftmodule",
    "swift-dependencies": "/Users/superbright/Code/brainv3/fern/sdks/swift/sdk/.build/arm64-apple-macosx/debug/Api.build/ItemReadWithRelations.swiftdeps",
    "diagnostics": "/Users/superbright/Code/brainv3/fern/sdks/swift/sdk/.build/arm64-apple-macosx/debug/Api.build/ItemReadWithRelations.dia"
  },
  "/Users/superbright/Code/brainv3/fern/sdks/swift/sdk/Sources/Schemas/ItemStatusEnum.swift": {
    "dependencies": "/Users/superbright/Code/brainv3/fern/sdks/swift/sdk/.build/arm64-apple-macosx/debug/Api.build/ItemStatusEnum.d",
    "object": "/Users/superbright/Code/brainv3/fern/sdks/swift/sdk/.build/arm64-apple-macosx/debug/Api.build/ItemStatusEnum.swift.o",
    "swiftmodule": "/Users/superbright/Code/brainv3/fern/sdks/swift/sdk/.build/arm64-apple-macosx/debug/Api.build/ItemStatusEnum~partial.swiftmodule",
    "swift-dependencies": "/Users/superbright/Code/brainv3/fern/sdks/swift/sdk/.build/arm64-apple-macosx/debug/Api.build/ItemStatusEnum.swiftdeps",
    "diagnostics": "/Users/superbright/Code/brainv3/fern/sdks/swift/sdk/.build/arm64-apple-macosx/debug/Api.build/ItemStatusEnum.dia"
  },
  "/Users/superbright/Code/brainv3/fern/sdks/swift/sdk/Sources/Schemas/MediaAnalysisData.swift": {
    "dependencies": "/Users/superbright/Code/brainv3/fern/sdks/swift/sdk/.build/arm64-apple-macosx/debug/Api.build/MediaAnalysisData.d",
    "object": "/Users/superbright/Code/brainv3/fern/sdks/swift/sdk/.build/arm64-apple-macosx/debug/Api.build/MediaAnalysisData.swift.o",
    "swiftmodule": "/Users/superbright/Code/brainv3/fern/sdks/swift/sdk/.build/arm64-apple-macosx/debug/Api.build/MediaAnalysisData~partial.swiftmodule",
    "swift-dependencies": "/Users/superbright/Code/brainv3/fern/sdks/swift/sdk/.build/arm64-apple-macosx/debug/Api.build/MediaAnalysisData.swiftdeps",
    "diagnostics": "/Users/superbright/Code/brainv3/fern/sdks/swift/sdk/.build/arm64-apple-macosx/debug/Api.build/MediaAnalysisData.dia"
  },
  "/Users/superbright/Code/brainv3/fern/sdks/swift/sdk/Sources/Schemas/MediaRead.swift": {
    "dependencies": "/Users/superbright/Code/brainv3/fern/sdks/swift/sdk/.build/arm64-apple-macosx/debug/Api.build/MediaRead.d",
    "object": "/Users/superbright/Code/brainv3/fern/sdks/swift/sdk/.build/arm64-apple-macosx/debug/Api.build/MediaRead.swift.o",
    "swiftmodule": "/Users/superbright/Code/brainv3/fern/sdks/swift/sdk/.build/arm64-apple-macosx/debug/Api.build/MediaRead~partial.swiftmodule",
    "swift-dependencies": "/Users/superbright/Code/brainv3/fern/sdks/swift/sdk/.build/arm64-apple-macosx/debug/Api.build/MediaRead.swiftdeps",
    "diagnostics": "/Users/superbright/Code/brainv3/fern/sdks/swift/sdk/.build/arm64-apple-macosx/debug/Api.build/MediaRead.dia"
  },
  "/Users/superbright/Code/brainv3/fern/sdks/swift/sdk/Sources/Schemas/MediaTypeEnum.swift": {
    "dependencies": "/Users/superbright/Code/brainv3/fern/sdks/swift/sdk/.build/arm64-apple-macosx/debug/Api.build/MediaTypeEnum.d",
    "object": "/Users/superbright/Code/brainv3/fern/sdks/swift/sdk/.build/arm64-apple-macosx/debug/Api.build/MediaTypeEnum.swift.o",
    "swiftmodule": "/Users/superbright/Code/brainv3/fern/sdks/swift/sdk/.build/arm64-apple-macosx/debug/Api.build/MediaTypeEnum~partial.swiftmodule",
    "swift-dependencies": "/Users/superbright/Code/brainv3/fern/sdks/swift/sdk/.build/arm64-apple-macosx/debug/Api.build/MediaTypeEnum.swiftdeps",
    "diagnostics": "/Users/superbright/Code/brainv3/fern/sdks/swift/sdk/.build/arm64-apple-macosx/debug/Api.build/MediaTypeEnum.dia"
  },
  "/Users/superbright/Code/brainv3/fern/sdks/swift/sdk/Sources/Schemas/MessageCreateMessageData.swift": {
    "dependencies": "/Users/superbright/Code/brainv3/fern/sdks/swift/sdk/.build/arm64-apple-macosx/debug/Api.build/MessageCreateMessageData.d",
    "object": "/Users/superbright/Code/brainv3/fern/sdks/swift/sdk/.build/arm64-apple-macosx/debug/Api.build/MessageCreateMessageData.swift.o",
    "swiftmodule": "/Users/superbright/Code/brainv3/fern/sdks/swift/sdk/.build/arm64-apple-macosx/debug/Api.build/MessageCreateMessageData~partial.swiftmodule",
    "swift-dependencies": "/Users/superbright/Code/brainv3/fern/sdks/swift/sdk/.build/arm64-apple-macosx/debug/Api.build/MessageCreateMessageData.swiftdeps",
    "diagnostics": "/Users/superbright/Code/brainv3/fern/sdks/swift/sdk/.build/arm64-apple-macosx/debug/Api.build/MessageCreateMessageData.dia"
  },
  "/Users/superbright/Code/brainv3/fern/sdks/swift/sdk/Sources/Schemas/MessageListResponse.swift": {
    "dependencies": "/Users/superbright/Code/brainv3/fern/sdks/swift/sdk/.build/arm64-apple-macosx/debug/Api.build/MessageListResponse.d",
    "object": "/Users/superbright/Code/brainv3/fern/sdks/swift/sdk/.build/arm64-apple-macosx/debug/Api.build/MessageListResponse.swift.o",
    "swiftmodule": "/Users/superbright/Code/brainv3/fern/sdks/swift/sdk/.build/arm64-apple-macosx/debug/Api.build/MessageListResponse~partial.swiftmodule",
    "swift-dependencies": "/Users/superbright/Code/brainv3/fern/sdks/swift/sdk/.build/arm64-apple-macosx/debug/Api.build/MessageListResponse.swiftdeps",
    "diagnostics": "/Users/superbright/Code/brainv3/fern/sdks/swift/sdk/.build/arm64-apple-macosx/debug/Api.build/MessageListResponse.dia"
  },
  "/Users/superbright/Code/brainv3/fern/sdks/swift/sdk/Sources/Schemas/MessageRead.swift": {
    "dependencies": "/Users/superbright/Code/brainv3/fern/sdks/swift/sdk/.build/arm64-apple-macosx/debug/Api.build/MessageRead.d",
    "object": "/Users/superbright/Code/brainv3/fern/sdks/swift/sdk/.build/arm64-apple-macosx/debug/Api.build/MessageRead.swift.o",
    "swiftmodule": "/Users/superbright/Code/brainv3/fern/sdks/swift/sdk/.build/arm64-apple-macosx/debug/Api.build/MessageRead~partial.swiftmodule",
    "swift-dependencies": "/Users/superbright/Code/brainv3/fern/sdks/swift/sdk/.build/arm64-apple-macosx/debug/Api.build/MessageRead.swiftdeps",
    "diagnostics": "/Users/superbright/Code/brainv3/fern/sdks/swift/sdk/.build/arm64-apple-macosx/debug/Api.build/MessageRead.dia"
  },
  "/Users/superbright/Code/brainv3/fern/sdks/swift/sdk/Sources/Schemas/MessageReadMessageData.swift": {
    "dependencies": "/Users/superbright/Code/brainv3/fern/sdks/swift/sdk/.build/arm64-apple-macosx/debug/Api.build/MessageReadMessageData.d",
    "object": "/Users/superbright/Code/brainv3/fern/sdks/swift/sdk/.build/arm64-apple-macosx/debug/Api.build/MessageReadMessageData.swift.o",
    "swiftmodule": "/Users/superbright/Code/brainv3/fern/sdks/swift/sdk/.build/arm64-apple-macosx/debug/Api.build/MessageReadMessageData~partial.swiftmodule",
    "swift-dependencies": "/Users/superbright/Code/brainv3/fern/sdks/swift/sdk/.build/arm64-apple-macosx/debug/Api.build/MessageReadMessageData.swiftdeps",
    "diagnostics": "/Users/superbright/Code/brainv3/fern/sdks/swift/sdk/.build/arm64-apple-macosx/debug/Api.build/MessageReadMessageData.dia"
  },
  "/Users/superbright/Code/brainv3/fern/sdks/swift/sdk/Sources/Schemas/MusicHypotheses.swift": {
    "dependencies": "/Users/superbright/Code/brainv3/fern/sdks/swift/sdk/.build/arm64-apple-macosx/debug/Api.build/MusicHypotheses.d",
    "object": "/Users/superbright/Code/brainv3/fern/sdks/swift/sdk/.build/arm64-apple-macosx/debug/Api.build/MusicHypotheses.swift.o",
    "swiftmodule": "/Users/superbright/Code/brainv3/fern/sdks/swift/sdk/.build/arm64-apple-macosx/debug/Api.build/MusicHypotheses~partial.swiftmodule",
    "swift-dependencies": "/Users/superbright/Code/brainv3/fern/sdks/swift/sdk/.build/arm64-apple-macosx/debug/Api.build/MusicHypotheses.swiftdeps",
    "diagnostics": "/Users/superbright/Code/brainv3/fern/sdks/swift/sdk/.build/arm64-apple-macosx/debug/Api.build/MusicHypotheses.dia"
  },
  "/Users/superbright/Code/brainv3/fern/sdks/swift/sdk/Sources/Schemas/OpenLibraryBook.swift": {
    "dependencies": "/Users/superbright/Code/brainv3/fern/sdks/swift/sdk/.build/arm64-apple-macosx/debug/Api.build/OpenLibraryBook.d",
    "object": "/Users/superbright/Code/brainv3/fern/sdks/swift/sdk/.build/arm64-apple-macosx/debug/Api.build/OpenLibraryBook.swift.o",
    "swiftmodule": "/Users/superbright/Code/brainv3/fern/sdks/swift/sdk/.build/arm64-apple-macosx/debug/Api.build/OpenLibraryBook~partial.swiftmodule",
    "swift-dependencies": "/Users/superbright/Code/brainv3/fern/sdks/swift/sdk/.build/arm64-apple-macosx/debug/Api.build/OpenLibraryBook.swiftdeps",
    "diagnostics": "/Users/superbright/Code/brainv3/fern/sdks/swift/sdk/.build/arm64-apple-macosx/debug/Api.build/OpenLibraryBook.dia"
  },
  "/Users/superbright/Code/brainv3/fern/sdks/swift/sdk/Sources/Schemas/ProcessingStatusData.swift": {
    "dependencies": "/Users/superbright/Code/brainv3/fern/sdks/swift/sdk/.build/arm64-apple-macosx/debug/Api.build/ProcessingStatusData.d",
    "object": "/Users/superbright/Code/brainv3/fern/sdks/swift/sdk/.build/arm64-apple-macosx/debug/Api.build/ProcessingStatusData.swift.o",
    "swiftmodule": "/Users/superbright/Code/brainv3/fern/sdks/swift/sdk/.build/arm64-apple-macosx/debug/Api.build/ProcessingStatusData~partial.swiftmodule",
    "swift-dependencies": "/Users/superbright/Code/brainv3/fern/sdks/swift/sdk/.build/arm64-apple-macosx/debug/Api.build/ProcessingStatusData.swiftdeps",
    "diagnostics": "/Users/superbright/Code/brainv3/fern/sdks/swift/sdk/.build/arm64-apple-macosx/debug/Api.build/ProcessingStatusData.dia"
  },
  "/Users/superbright/Code/brainv3/fern/sdks/swift/sdk/Sources/Schemas/ReferenceCandidatesData.swift": {
    "dependencies": "/Users/superbright/Code/brainv3/fern/sdks/swift/sdk/.build/arm64-apple-macosx/debug/Api.build/ReferenceCandidatesData.d",
    "object": "/Users/superbright/Code/brainv3/fern/sdks/swift/sdk/.build/arm64-apple-macosx/debug/Api.build/ReferenceCandidatesData.swift.o",
    "swiftmodule": "/Users/superbright/Code/brainv3/fern/sdks/swift/sdk/.build/arm64-apple-macosx/debug/Api.build/ReferenceCandidatesData~partial.swiftmodule",
    "swift-dependencies": "/Users/superbright/Code/brainv3/fern/sdks/swift/sdk/.build/arm64-apple-macosx/debug/Api.build/ReferenceCandidatesData.swiftdeps",
    "diagnostics": "/Users/superbright/Code/brainv3/fern/sdks/swift/sdk/.build/arm64-apple-macosx/debug/Api.build/ReferenceCandidatesData.dia"
  },
  "/Users/superbright/Code/brainv3/fern/sdks/swift/sdk/Sources/Schemas/ReferenceHypothesesData.swift": {
    "dependencies": "/Users/superbright/Code/brainv3/fern/sdks/swift/sdk/.build/arm64-apple-macosx/debug/Api.build/ReferenceHypothesesData.d",
    "object": "/Users/superbright/Code/brainv3/fern/sdks/swift/sdk/.build/arm64-apple-macosx/debug/Api.build/ReferenceHypothesesData.swift.o",
    "swiftmodule": "/Users/superbright/Code/brainv3/fern/sdks/swift/sdk/.build/arm64-apple-macosx/debug/Api.build/ReferenceHypothesesData~partial.swiftmodule",
    "swift-dependencies": "/Users/superbright/Code/brainv3/fern/sdks/swift/sdk/.build/arm64-apple-macosx/debug/Api.build/ReferenceHypothesesData.swiftdeps",
    "diagnostics": "/Users/superbright/Code/brainv3/fern/sdks/swift/sdk/.build/arm64-apple-macosx/debug/Api.build/ReferenceHypothesesData.dia"
  },
  "/Users/superbright/Code/brainv3/fern/sdks/swift/sdk/Sources/Schemas/ReferenceRead.swift": {
    "dependencies": "/Users/superbright/Code/brainv3/fern/sdks/swift/sdk/.build/arm64-apple-macosx/debug/Api.build/ReferenceRead.d",
    "object": "/Users/superbright/Code/brainv3/fern/sdks/swift/sdk/.build/arm64-apple-macosx/debug/Api.build/ReferenceRead.swift.o",
    "swiftmodule": "/Users/superbright/Code/brainv3/fern/sdks/swift/sdk/.build/arm64-apple-macosx/debug/Api.build/ReferenceRead~partial.swiftmodule",
    "swift-dependencies": "/Users/superbright/Code/brainv3/fern/sdks/swift/sdk/.build/arm64-apple-macosx/debug/Api.build/ReferenceRead.swiftdeps",
    "diagnostics": "/Users/superbright/Code/brainv3/fern/sdks/swift/sdk/.build/arm64-apple-macosx/debug/Api.build/ReferenceRead.dia"
  },
  "/Users/superbright/Code/brainv3/fern/sdks/swift/sdk/Sources/Schemas/ReferenceResultsData.swift": {
    "dependencies": "/Users/superbright/Code/brainv3/fern/sdks/swift/sdk/.build/arm64-apple-macosx/debug/Api.build/ReferenceResultsData.d",
    "object": "/Users/superbright/Code/brainv3/fern/sdks/swift/sdk/.build/arm64-apple-macosx/debug/Api.build/ReferenceResultsData.swift.o",
    "swiftmodule": "/Users/superbright/Code/brainv3/fern/sdks/swift/sdk/.build/arm64-apple-macosx/debug/Api.build/ReferenceResultsData~partial.swiftmodule",
    "swift-dependencies": "/Users/superbright/Code/brainv3/fern/sdks/swift/sdk/.build/arm64-apple-macosx/debug/Api.build/ReferenceResultsData.swiftdeps",
    "diagnostics": "/Users/superbright/Code/brainv3/fern/sdks/swift/sdk/.build/arm64-apple-macosx/debug/Api.build/ReferenceResultsData.dia"
  },
  "/Users/superbright/Code/brainv3/fern/sdks/swift/sdk/Sources/Schemas/SearchResults.swift": {
    "dependencies": "/Users/superbright/Code/brainv3/fern/sdks/swift/sdk/.build/arm64-apple-macosx/debug/Api.build/SearchResults.d",
    "object": "/Users/superbright/Code/brainv3/fern/sdks/swift/sdk/.build/arm64-apple-macosx/debug/Api.build/SearchResults.swift.o",
    "swiftmodule": "/Users/superbright/Code/brainv3/fern/sdks/swift/sdk/.build/arm64-apple-macosx/debug/Api.build/SearchResults~partial.swiftmodule",
    "swift-dependencies": "/Users/superbright/Code/brainv3/fern/sdks/swift/sdk/.build/arm64-apple-macosx/debug/Api.build/SearchResults.swiftdeps",
    "diagnostics": "/Users/superbright/Code/brainv3/fern/sdks/swift/sdk/.build/arm64-apple-macosx/debug/Api.build/SearchResults.dia"
  },
  "/Users/superbright/Code/brainv3/fern/sdks/swift/sdk/Sources/Schemas/SearchResultsInputCandidatesItem.swift": {
    "dependencies": "/Users/superbright/Code/brainv3/fern/sdks/swift/sdk/.build/arm64-apple-macosx/debug/Api.build/SearchResultsInputCandidatesItem.d",
    "object": "/Users/superbright/Code/brainv3/fern/sdks/swift/sdk/.build/arm64-apple-macosx/debug/Api.build/SearchResultsInputCandidatesItem.swift.o",
    "swiftmodule": "/Users/superbright/Code/brainv3/fern/sdks/swift/sdk/.build/arm64-apple-macosx/debug/Api.build/SearchResultsInputCandidatesItem~partial.swiftmodule",
    "swift-dependencies": "/Users/superbright/Code/brainv3/fern/sdks/swift/sdk/.build/arm64-apple-macosx/debug/Api.build/SearchResultsInputCandidatesItem.swiftdeps",
    "diagnostics": "/Users/superbright/Code/brainv3/fern/sdks/swift/sdk/.build/arm64-apple-macosx/debug/Api.build/SearchResultsInputCandidatesItem.dia"
  },
  "/Users/superbright/Code/brainv3/fern/sdks/swift/sdk/Sources/Schemas/SearchResultsOutputCandidatesItem.swift": {
    "dependencies": "/Users/superbright/Code/brainv3/fern/sdks/swift/sdk/.build/arm64-apple-macosx/debug/Api.build/SearchResultsOutputCandidatesItem.d",
    "object": "/Users/superbright/Code/brainv3/fern/sdks/swift/sdk/.build/arm64-apple-macosx/debug/Api.build/SearchResultsOutputCandidatesItem.swift.o",
    "swiftmodule": "/Users/superbright/Code/brainv3/fern/sdks/swift/sdk/.build/arm64-apple-macosx/debug/Api.build/SearchResultsOutputCandidatesItem~partial.swiftmodule",
    "swift-dependencies": "/Users/superbright/Code/brainv3/fern/sdks/swift/sdk/.build/arm64-apple-macosx/debug/Api.build/SearchResultsOutputCandidatesItem.swiftdeps",
    "diagnostics": "/Users/superbright/Code/brainv3/fern/sdks/swift/sdk/.build/arm64-apple-macosx/debug/Api.build/SearchResultsOutputCandidatesItem.dia"
  },
  "/Users/superbright/Code/brainv3/fern/sdks/swift/sdk/Sources/Schemas/SearchSource.swift": {
    "dependencies": "/Users/superbright/Code/brainv3/fern/sdks/swift/sdk/.build/arm64-apple-macosx/debug/Api.build/SearchSource.d",
    "object": "/Users/superbright/Code/brainv3/fern/sdks/swift/sdk/.build/arm64-apple-macosx/debug/Api.build/SearchSource.swift.o",
    "swiftmodule": "/Users/superbright/Code/brainv3/fern/sdks/swift/sdk/.build/arm64-apple-macosx/debug/Api.build/SearchSource~partial.swiftmodule",
    "swift-dependencies": "/Users/superbright/Code/brainv3/fern/sdks/swift/sdk/.build/arm64-apple-macosx/debug/Api.build/SearchSource.swiftdeps",
    "diagnostics": "/Users/superbright/Code/brainv3/fern/sdks/swift/sdk/.build/arm64-apple-macosx/debug/Api.build/SearchSource.dia"
  },
  "/Users/superbright/Code/brainv3/fern/sdks/swift/sdk/Sources/Schemas/SpotifyAlbum.swift": {
    "dependencies": "/Users/superbright/Code/brainv3/fern/sdks/swift/sdk/.build/arm64-apple-macosx/debug/Api.build/SpotifyAlbum.d",
    "object": "/Users/superbright/Code/brainv3/fern/sdks/swift/sdk/.build/arm64-apple-macosx/debug/Api.build/SpotifyAlbum.swift.o",
    "swiftmodule": "/Users/superbright/Code/brainv3/fern/sdks/swift/sdk/.build/arm64-apple-macosx/debug/Api.build/SpotifyAlbum~partial.swiftmodule",
    "swift-dependencies": "/Users/superbright/Code/brainv3/fern/sdks/swift/sdk/.build/arm64-apple-macosx/debug/Api.build/SpotifyAlbum.swiftdeps",
    "diagnostics": "/Users/superbright/Code/brainv3/fern/sdks/swift/sdk/.build/arm64-apple-macosx/debug/Api.build/SpotifyAlbum.dia"
  },
  "/Users/superbright/Code/brainv3/fern/sdks/swift/sdk/Sources/Schemas/SpotifyArtist.swift": {
    "dependencies": "/Users/superbright/Code/brainv3/fern/sdks/swift/sdk/.build/arm64-apple-macosx/debug/Api.build/SpotifyArtist.d",
    "object": "/Users/superbright/Code/brainv3/fern/sdks/swift/sdk/.build/arm64-apple-macosx/debug/Api.build/SpotifyArtist.swift.o",
    "swiftmodule": "/Users/superbright/Code/brainv3/fern/sdks/swift/sdk/.build/arm64-apple-macosx/debug/Api.build/SpotifyArtist~partial.swiftmodule",
    "swift-dependencies": "/Users/superbright/Code/brainv3/fern/sdks/swift/sdk/.build/arm64-apple-macosx/debug/Api.build/SpotifyArtist.swiftdeps",
    "diagnostics": "/Users/superbright/Code/brainv3/fern/sdks/swift/sdk/.build/arm64-apple-macosx/debug/Api.build/SpotifyArtist.dia"
  },
  "/Users/superbright/Code/brainv3/fern/sdks/swift/sdk/Sources/Schemas/SpotifyExternalIds.swift": {
    "dependencies": "/Users/superbright/Code/brainv3/fern/sdks/swift/sdk/.build/arm64-apple-macosx/debug/Api.build/SpotifyExternalIds.d",
    "object": "/Users/superbright/Code/brainv3/fern/sdks/swift/sdk/.build/arm64-apple-macosx/debug/Api.build/SpotifyExternalIds.swift.o",
    "swiftmodule": "/Users/superbright/Code/brainv3/fern/sdks/swift/sdk/.build/arm64-apple-macosx/debug/Api.build/SpotifyExternalIds~partial.swiftmodule",
    "swift-dependencies": "/Users/superbright/Code/brainv3/fern/sdks/swift/sdk/.build/arm64-apple-macosx/debug/Api.build/SpotifyExternalIds.swiftdeps",
    "diagnostics": "/Users/superbright/Code/brainv3/fern/sdks/swift/sdk/.build/arm64-apple-macosx/debug/Api.build/SpotifyExternalIds.dia"
  },
  "/Users/superbright/Code/brainv3/fern/sdks/swift/sdk/Sources/Schemas/SpotifyExternalUrls.swift": {
    "dependencies": "/Users/superbright/Code/brainv3/fern/sdks/swift/sdk/.build/arm64-apple-macosx/debug/Api.build/SpotifyExternalUrls.d",
    "object": "/Users/superbright/Code/brainv3/fern/sdks/swift/sdk/.build/arm64-apple-macosx/debug/Api.build/SpotifyExternalUrls.swift.o",
    "swiftmodule": "/Users/superbright/Code/brainv3/fern/sdks/swift/sdk/.build/arm64-apple-macosx/debug/Api.build/SpotifyExternalUrls~partial.swiftmodule",
    "swift-dependencies": "/Users/superbright/Code/brainv3/fern/sdks/swift/sdk/.build/arm64-apple-macosx/debug/Api.build/SpotifyExternalUrls.swiftdeps",
    "diagnostics": "/Users/superbright/Code/brainv3/fern/sdks/swift/sdk/.build/arm64-apple-macosx/debug/Api.build/SpotifyExternalUrls.dia"
  },
  "/Users/superbright/Code/brainv3/fern/sdks/swift/sdk/Sources/Schemas/SpotifyImage.swift": {
    "dependencies": "/Users/superbright/Code/brainv3/fern/sdks/swift/sdk/.build/arm64-apple-macosx/debug/Api.build/SpotifyImage.d",
    "object": "/Users/superbright/Code/brainv3/fern/sdks/swift/sdk/.build/arm64-apple-macosx/debug/Api.build/SpotifyImage.swift.o",
    "swiftmodule": "/Users/superbright/Code/brainv3/fern/sdks/swift/sdk/.build/arm64-apple-macosx/debug/Api.build/SpotifyImage~partial.swiftmodule",
    "swift-dependencies": "/Users/superbright/Code/brainv3/fern/sdks/swift/sdk/.build/arm64-apple-macosx/debug/Api.build/SpotifyImage.swiftdeps",
    "diagnostics": "/Users/superbright/Code/brainv3/fern/sdks/swift/sdk/.build/arm64-apple-macosx/debug/Api.build/SpotifyImage.dia"
  },
  "/Users/superbright/Code/brainv3/fern/sdks/swift/sdk/Sources/Schemas/SpotifyTrack.swift": {
    "dependencies": "/Users/superbright/Code/brainv3/fern/sdks/swift/sdk/.build/arm64-apple-macosx/debug/Api.build/SpotifyTrack.d",
    "object": "/Users/superbright/Code/brainv3/fern/sdks/swift/sdk/.build/arm64-apple-macosx/debug/Api.build/SpotifyTrack.swift.o",
    "swiftmodule": "/Users/superbright/Code/brainv3/fern/sdks/swift/sdk/.build/arm64-apple-macosx/debug/Api.build/SpotifyTrack~partial.swiftmodule",
    "swift-dependencies": "/Users/superbright/Code/brainv3/fern/sdks/swift/sdk/.build/arm64-apple-macosx/debug/Api.build/SpotifyTrack.swiftdeps",
    "diagnostics": "/Users/superbright/Code/brainv3/fern/sdks/swift/sdk/.build/arm64-apple-macosx/debug/Api.build/SpotifyTrack.dia"
  },
  "/Users/superbright/Code/brainv3/fern/sdks/swift/sdk/Sources/Schemas/SystemNotificationData.swift": {
    "dependencies": "/Users/superbright/Code/brainv3/fern/sdks/swift/sdk/.build/arm64-apple-macosx/debug/Api.build/SystemNotificationData.d",
    "object": "/Users/superbright/Code/brainv3/fern/sdks/swift/sdk/.build/arm64-apple-macosx/debug/Api.build/SystemNotificationData.swift.o",
    "swiftmodule": "/Users/superbright/Code/brainv3/fern/sdks/swift/sdk/.build/arm64-apple-macosx/debug/Api.build/SystemNotificationData~partial.swiftmodule",
    "swift-dependencies": "/Users/superbright/Code/brainv3/fern/sdks/swift/sdk/.build/arm64-apple-macosx/debug/Api.build/SystemNotificationData.swiftdeps",
    "diagnostics": "/Users/superbright/Code/brainv3/fern/sdks/swift/sdk/.build/arm64-apple-macosx/debug/Api.build/SystemNotificationData.dia"
  },
  "/Users/superbright/Code/brainv3/fern/sdks/swift/sdk/Sources/Schemas/TextMessageData.swift": {
    "dependencies": "/Users/superbright/Code/brainv3/fern/sdks/swift/sdk/.build/arm64-apple-macosx/debug/Api.build/TextMessageData.d",
    "object": "/Users/superbright/Code/brainv3/fern/sdks/swift/sdk/.build/arm64-apple-macosx/debug/Api.build/TextMessageData.swift.o",
    "swiftmodule": "/Users/superbright/Code/brainv3/fern/sdks/swift/sdk/.build/arm64-apple-macosx/debug/Api.build/TextMessageData~partial.swiftmodule",
    "swift-dependencies": "/Users/superbright/Code/brainv3/fern/sdks/swift/sdk/.build/arm64-apple-macosx/debug/Api.build/TextMessageData.swiftdeps",
    "diagnostics": "/Users/superbright/Code/brainv3/fern/sdks/swift/sdk/.build/arm64-apple-macosx/debug/Api.build/TextMessageData.dia"
  },
  "/Users/superbright/Code/brainv3/fern/sdks/swift/sdk/Sources/Schemas/TrackArtistPair.swift": {
    "dependencies": "/Users/superbright/Code/brainv3/fern/sdks/swift/sdk/.build/arm64-apple-macosx/debug/Api.build/TrackArtistPair.d",
    "object": "/Users/superbright/Code/brainv3/fern/sdks/swift/sdk/.build/arm64-apple-macosx/debug/Api.build/TrackArtistPair.swift.o",
    "swiftmodule": "/Users/superbright/Code/brainv3/fern/sdks/swift/sdk/.build/arm64-apple-macosx/debug/Api.build/TrackArtistPair~partial.swiftmodule",
    "swift-dependencies": "/Users/superbright/Code/brainv3/fern/sdks/swift/sdk/.build/arm64-apple-macosx/debug/Api.build/TrackArtistPair.swiftdeps",
    "diagnostics": "/Users/superbright/Code/brainv3/fern/sdks/swift/sdk/.build/arm64-apple-macosx/debug/Api.build/TrackArtistPair.dia"
  },
  "/Users/superbright/Code/brainv3/fern/sdks/swift/sdk/Sources/Schemas/Type.swift": {
    "dependencies": "/Users/superbright/Code/brainv3/fern/sdks/swift/sdk/.build/arm64-apple-macosx/debug/Api.build/Type.d",
    "object": "/Users/superbright/Code/brainv3/fern/sdks/swift/sdk/.build/arm64-apple-macosx/debug/Api.build/Type.swift.o",
    "swiftmodule": "/Users/superbright/Code/brainv3/fern/sdks/swift/sdk/.build/arm64-apple-macosx/debug/Api.build/Type~partial.swiftmodule",
    "swift-dependencies": "/Users/superbright/Code/brainv3/fern/sdks/swift/sdk/.build/arm64-apple-macosx/debug/Api.build/Type.swiftdeps",
    "diagnostics": "/Users/superbright/Code/brainv3/fern/sdks/swift/sdk/.build/arm64-apple-macosx/debug/Api.build/Type.dia"
  },
  "/Users/superbright/Code/brainv3/fern/sdks/swift/sdk/Sources/Schemas/UserProfile.swift": {
    "dependencies": "/Users/superbright/Code/brainv3/fern/sdks/swift/sdk/.build/arm64-apple-macosx/debug/Api.build/UserProfile.d",
    "object": "/Users/superbright/Code/brainv3/fern/sdks/swift/sdk/.build/arm64-apple-macosx/debug/Api.build/UserProfile.swift.o",
    "swiftmodule": "/Users/superbright/Code/brainv3/fern/sdks/swift/sdk/.build/arm64-apple-macosx/debug/Api.build/UserProfile~partial.swiftmodule",
    "swift-dependencies": "/Users/superbright/Code/brainv3/fern/sdks/swift/sdk/.build/arm64-apple-macosx/debug/Api.build/UserProfile.swiftdeps",
    "diagnostics": "/Users/superbright/Code/brainv3/fern/sdks/swift/sdk/.build/arm64-apple-macosx/debug/Api.build/UserProfile.dia"
  },
  "/Users/superbright/Code/brainv3/fern/sdks/swift/sdk/Sources/Schemas/UserRead.swift": {
    "dependencies": "/Users/superbright/Code/brainv3/fern/sdks/swift/sdk/.build/arm64-apple-macosx/debug/Api.build/UserRead.d",
    "object": "/Users/superbright/Code/brainv3/fern/sdks/swift/sdk/.build/arm64-apple-macosx/debug/Api.build/UserRead.swift.o",
    "swiftmodule": "/Users/superbright/Code/brainv3/fern/sdks/swift/sdk/.build/arm64-apple-macosx/debug/Api.build/UserRead~partial.swiftmodule",
    "swift-dependencies": "/Users/superbright/Code/brainv3/fern/sdks/swift/sdk/.build/arm64-apple-macosx/debug/Api.build/UserRead.swiftdeps",
    "diagnostics": "/Users/superbright/Code/brainv3/fern/sdks/swift/sdk/.build/arm64-apple-macosx/debug/Api.build/UserRead.dia"
  },
  "/Users/superbright/Code/brainv3/fern/sdks/swift/sdk/Sources/Schemas/UserUpdate.swift": {
    "dependencies": "/Users/superbright/Code/brainv3/fern/sdks/swift/sdk/.build/arm64-apple-macosx/debug/Api.build/UserUpdate.d",
    "object": "/Users/superbright/Code/brainv3/fern/sdks/swift/sdk/.build/arm64-apple-macosx/debug/Api.build/UserUpdate.swift.o",
    "swiftmodule": "/Users/superbright/Code/brainv3/fern/sdks/swift/sdk/.build/arm64-apple-macosx/debug/Api.build/UserUpdate~partial.swiftmodule",
    "swift-dependencies": "/Users/superbright/Code/brainv3/fern/sdks/swift/sdk/.build/arm64-apple-macosx/debug/Api.build/UserUpdate.swiftdeps",
    "diagnostics": "/Users/superbright/Code/brainv3/fern/sdks/swift/sdk/.build/arm64-apple-macosx/debug/Api.build/UserUpdate.dia"
  },
  "/Users/superbright/Code/brainv3/fern/sdks/swift/sdk/Sources/Schemas/ValidationError.swift": {
    "dependencies": "/Users/superbright/Code/brainv3/fern/sdks/swift/sdk/.build/arm64-apple-macosx/debug/Api.build/ValidationError.d",
    "object": "/Users/superbright/Code/brainv3/fern/sdks/swift/sdk/.build/arm64-apple-macosx/debug/Api.build/ValidationError.swift.o",
    "swiftmodule": "/Users/superbright/Code/brainv3/fern/sdks/swift/sdk/.build/arm64-apple-macosx/debug/Api.build/ValidationError~partial.swiftmodule",
    "swift-dependencies": "/Users/superbright/Code/brainv3/fern/sdks/swift/sdk/.build/arm64-apple-macosx/debug/Api.build/ValidationError.swiftdeps",
    "diagnostics": "/Users/superbright/Code/brainv3/fern/sdks/swift/sdk/.build/arm64-apple-macosx/debug/Api.build/ValidationError.dia"
  },
  "/Users/superbright/Code/brainv3/fern/sdks/swift/sdk/Sources/Schemas/ValidationErrorLocItem.swift": {
    "dependencies": "/Users/superbright/Code/brainv3/fern/sdks/swift/sdk/.build/arm64-apple-macosx/debug/Api.build/ValidationErrorLocItem.d",
    "object": "/Users/superbright/Code/brainv3/fern/sdks/swift/sdk/.build/arm64-apple-macosx/debug/Api.build/ValidationErrorLocItem.swift.o",
    "swiftmodule": "/Users/superbright/Code/brainv3/fern/sdks/swift/sdk/.build/arm64-apple-macosx/debug/Api.build/ValidationErrorLocItem~partial.swiftmodule",
    "swift-dependencies": "/Users/superbright/Code/brainv3/fern/sdks/swift/sdk/.build/arm64-apple-macosx/debug/Api.build/ValidationErrorLocItem.swiftdeps",
    "diagnostics": "/Users/superbright/Code/brainv3/fern/sdks/swift/sdk/.build/arm64-apple-macosx/debug/Api.build/ValidationErrorLocItem.dia"
  }
}
