{
  "": {
    "swift-dependencies": "/Users/superbright/Code/brainv3/fern/sdks/swift/sdk/.build/arm64-apple-macosx/debug/ApiTests.build/master.swiftdeps"
  },
  "/Users/superbright/Code/brainv3/fern/sdks/swift/sdk/Tests/Wire/Resources/Agents/AgentsClientWireTests.swift": {
    "dependencies": "/Users/superbright/Code/brainv3/fern/sdks/swift/sdk/.build/arm64-apple-macosx/debug/ApiTests.build/AgentsClientWireTests.d",
    "object": "/Users/superbright/Code/brainv3/fern/sdks/swift/sdk/.build/arm64-apple-macosx/debug/ApiTests.build/AgentsClientWireTests.swift.o",
    "swiftmodule": "/Users/superbright/Code/brainv3/fern/sdks/swift/sdk/.build/arm64-apple-macosx/debug/ApiTests.build/AgentsClientWireTests~partial.swiftmodule",
    "swift-dependencies": "/Users/superbright/Code/brainv3/fern/sdks/swift/sdk/.build/arm64-apple-macosx/debug/ApiTests.build/AgentsClientWireTests.swiftdeps",
    "diagnostics": "/Users/superbright/Code/brainv3/fern/sdks/swift/sdk/.build/arm64-apple-macosx/debug/ApiTests.build/AgentsClientWireTests.dia"
  },
  "/Users/superbright/Code/brainv3/fern/sdks/swift/sdk/Tests/Wire/Resources/Auth/AuthClientWireTests.swift": {
    "dependencies": "/Users/superbright/Code/brainv3/fern/sdks/swift/sdk/.build/arm64-apple-macosx/debug/ApiTests.build/AuthClientWireTests.d",
    "object": "/Users/superbright/Code/brainv3/fern/sdks/swift/sdk/.build/arm64-apple-macosx/debug/ApiTests.build/AuthClientWireTests.swift.o",
    "swiftmodule": "/Users/superbright/Code/brainv3/fern/sdks/swift/sdk/.build/arm64-apple-macosx/debug/ApiTests.build/AuthClientWireTests~partial.swiftmodule",
    "swift-dependencies": "/Users/superbright/Code/brainv3/fern/sdks/swift/sdk/.build/arm64-apple-macosx/debug/ApiTests.build/AuthClientWireTests.swiftdeps",
    "diagnostics": "/Users/superbright/Code/brainv3/fern/sdks/swift/sdk/.build/arm64-apple-macosx/debug/ApiTests.build/AuthClientWireTests.dia"
  },
  "/Users/superbright/Code/brainv3/fern/sdks/swift/sdk/Tests/Wire/Resources/Inputs/InputsClientWireTests.swift": {
    "dependencies": "/Users/superbright/Code/brainv3/fern/sdks/swift/sdk/.build/arm64-apple-macosx/debug/ApiTests.build/InputsClientWireTests.d",
    "object": "/Users/superbright/Code/brainv3/fern/sdks/swift/sdk/.build/arm64-apple-macosx/debug/ApiTests.build/InputsClientWireTests.swift.o",
    "swiftmodule": "/Users/superbright/Code/brainv3/fern/sdks/swift/sdk/.build/arm64-apple-macosx/debug/ApiTests.build/InputsClientWireTests~partial.swiftmodule",
    "swift-dependencies": "/Users/superbright/Code/brainv3/fern/sdks/swift/sdk/.build/arm64-apple-macosx/debug/ApiTests.build/InputsClientWireTests.swiftdeps",
    "diagnostics": "/Users/superbright/Code/brainv3/fern/sdks/swift/sdk/.build/arm64-apple-macosx/debug/ApiTests.build/InputsClientWireTests.dia"
  },
  "/Users/superbright/Code/brainv3/fern/sdks/swift/sdk/Tests/Wire/Resources/Items/ItemsClientWireTests.swift": {
    "dependencies": "/Users/superbright/Code/brainv3/fern/sdks/swift/sdk/.build/arm64-apple-macosx/debug/ApiTests.build/ItemsClientWireTests.d",
    "object": "/Users/superbright/Code/brainv3/fern/sdks/swift/sdk/.build/arm64-apple-macosx/debug/ApiTests.build/ItemsClientWireTests.swift.o",
    "swiftmodule": "/Users/superbright/Code/brainv3/fern/sdks/swift/sdk/.build/arm64-apple-macosx/debug/ApiTests.build/ItemsClientWireTests~partial.swiftmodule",
    "swift-dependencies": "/Users/superbright/Code/brainv3/fern/sdks/swift/sdk/.build/arm64-apple-macosx/debug/ApiTests.build/ItemsClientWireTests.swiftdeps",
    "diagnostics": "/Users/superbright/Code/brainv3/fern/sdks/swift/sdk/.build/arm64-apple-macosx/debug/ApiTests.build/ItemsClientWireTests.dia"
  },
  "/Users/superbright/Code/brainv3/fern/sdks/swift/sdk/Tests/Wire/Resources/Jobs/JobsClientWireTests.swift": {
    "dependencies": "/Users/superbright/Code/brainv3/fern/sdks/swift/sdk/.build/arm64-apple-macosx/debug/ApiTests.build/JobsClientWireTests.d",
    "object": "/Users/superbright/Code/brainv3/fern/sdks/swift/sdk/.build/arm64-apple-macosx/debug/ApiTests.build/JobsClientWireTests.swift.o",
    "swiftmodule": "/Users/superbright/Code/brainv3/fern/sdks/swift/sdk/.build/arm64-apple-macosx/debug/ApiTests.build/JobsClientWireTests~partial.swiftmodule",
    "swift-dependencies": "/Users/superbright/Code/brainv3/fern/sdks/swift/sdk/.build/arm64-apple-macosx/debug/ApiTests.build/JobsClientWireTests.swiftdeps",
    "diagnostics": "/Users/superbright/Code/brainv3/fern/sdks/swift/sdk/.build/arm64-apple-macosx/debug/ApiTests.build/JobsClientWireTests.dia"
  },
  "/Users/superbright/Code/brainv3/fern/sdks/swift/sdk/Tests/Wire/Resources/Media/MediaClientWireTests.swift": {
    "dependencies": "/Users/superbright/Code/brainv3/fern/sdks/swift/sdk/.build/arm64-apple-macosx/debug/ApiTests.build/MediaClientWireTests.d",
    "object": "/Users/superbright/Code/brainv3/fern/sdks/swift/sdk/.build/arm64-apple-macosx/debug/ApiTests.build/MediaClientWireTests.swift.o",
    "swiftmodule": "/Users/superbright/Code/brainv3/fern/sdks/swift/sdk/.build/arm64-apple-macosx/debug/ApiTests.build/MediaClientWireTests~partial.swiftmodule",
    "swift-dependencies": "/Users/superbright/Code/brainv3/fern/sdks/swift/sdk/.build/arm64-apple-macosx/debug/ApiTests.build/MediaClientWireTests.swiftdeps",
    "diagnostics": "/Users/superbright/Code/brainv3/fern/sdks/swift/sdk/.build/arm64-apple-macosx/debug/ApiTests.build/MediaClientWireTests.dia"
  },
  "/Users/superbright/Code/brainv3/fern/sdks/swift/sdk/Tests/Wire/Resources/Messages/MessagesClientWireTests.swift": {
    "dependencies": "/Users/superbright/Code/brainv3/fern/sdks/swift/sdk/.build/arm64-apple-macosx/debug/ApiTests.build/MessagesClientWireTests.d",
    "object": "/Users/superbright/Code/brainv3/fern/sdks/swift/sdk/.build/arm64-apple-macosx/debug/ApiTests.build/MessagesClientWireTests.swift.o",
    "swiftmodule": "/Users/superbright/Code/brainv3/fern/sdks/swift/sdk/.build/arm64-apple-macosx/debug/ApiTests.build/MessagesClientWireTests~partial.swiftmodule",
    "swift-dependencies": "/Users/superbright/Code/brainv3/fern/sdks/swift/sdk/.build/arm64-apple-macosx/debug/ApiTests.build/MessagesClientWireTests.swiftdeps",
    "diagnostics": "/Users/superbright/Code/brainv3/fern/sdks/swift/sdk/.build/arm64-apple-macosx/debug/ApiTests.build/MessagesClientWireTests.dia"
  },
  "/Users/superbright/Code/brainv3/fern/sdks/swift/sdk/Tests/Wire/Resources/References/ReferencesClientWireTests.swift": {
    "dependencies": "/Users/superbright/Code/brainv3/fern/sdks/swift/sdk/.build/arm64-apple-macosx/debug/ApiTests.build/ReferencesClientWireTests.d",
    "object": "/Users/superbright/Code/brainv3/fern/sdks/swift/sdk/.build/arm64-apple-macosx/debug/ApiTests.build/ReferencesClientWireTests.swift.o",
    "swiftmodule": "/Users/superbright/Code/brainv3/fern/sdks/swift/sdk/.build/arm64-apple-macosx/debug/ApiTests.build/ReferencesClientWireTests~partial.swiftmodule",
    "swift-dependencies": "/Users/superbright/Code/brainv3/fern/sdks/swift/sdk/.build/arm64-apple-macosx/debug/ApiTests.build/ReferencesClientWireTests.swiftdeps",
    "diagnostics": "/Users/superbright/Code/brainv3/fern/sdks/swift/sdk/.build/arm64-apple-macosx/debug/ApiTests.build/ReferencesClientWireTests.dia"
  },
  "/Users/superbright/Code/brainv3/fern/sdks/swift/sdk/Tests/Wire/Resources/Storage/StorageClientWireTests.swift": {
    "dependencies": "/Users/superbright/Code/brainv3/fern/sdks/swift/sdk/.build/arm64-apple-macosx/debug/ApiTests.build/StorageClientWireTests.d",
    "object": "/Users/superbright/Code/brainv3/fern/sdks/swift/sdk/.build/arm64-apple-macosx/debug/ApiTests.build/StorageClientWireTests.swift.o",
    "swiftmodule": "/Users/superbright/Code/brainv3/fern/sdks/swift/sdk/.build/arm64-apple-macosx/debug/ApiTests.build/StorageClientWireTests~partial.swiftmodule",
    "swift-dependencies": "/Users/superbright/Code/brainv3/fern/sdks/swift/sdk/.build/arm64-apple-macosx/debug/ApiTests.build/StorageClientWireTests.swiftdeps",
    "diagnostics": "/Users/superbright/Code/brainv3/fern/sdks/swift/sdk/.build/arm64-apple-macosx/debug/ApiTests.build/StorageClientWireTests.dia"
  },
  "/Users/superbright/Code/brainv3/fern/sdks/swift/sdk/Tests/Wire/Utilities/WireStub.swift": {
    "dependencies": "/Users/superbright/Code/brainv3/fern/sdks/swift/sdk/.build/arm64-apple-macosx/debug/ApiTests.build/WireStub.d",
    "object": "/Users/superbright/Code/brainv3/fern/sdks/swift/sdk/.build/arm64-apple-macosx/debug/ApiTests.build/WireStub.swift.o",
    "swiftmodule": "/Users/superbright/Code/brainv3/fern/sdks/swift/sdk/.build/arm64-apple-macosx/debug/ApiTests.build/WireStub~partial.swiftmodule",
    "swift-dependencies": "/Users/superbright/Code/brainv3/fern/sdks/swift/sdk/.build/arm64-apple-macosx/debug/ApiTests.build/WireStub.swiftdeps",
    "diagnostics": "/Users/superbright/Code/brainv3/fern/sdks/swift/sdk/.build/arm64-apple-macosx/debug/ApiTests.build/WireStub.dia"
  }
}
