{
  "": {
    "swift-dependencies": "/Users/superbright/Code/brainv3/fern/sdks/swift/sdk/.build/arm64-apple-macosx/debug/ApiPackageTests.build/master.swiftdeps"
  },
  "/Users/superbright/Code/brainv3/fern/sdks/swift/sdk/.build/arm64-apple-macosx/debug/ApiPackageTests.derived/runner.swift": {
    "dependencies": "/Users/superbright/Code/brainv3/fern/sdks/swift/sdk/.build/arm64-apple-macosx/debug/ApiPackageTests.build/runner.d",
    "object": "/Users/superbright/Code/brainv3/fern/sdks/swift/sdk/.build/arm64-apple-macosx/debug/ApiPackageTests.build/runner.swift.o",
    "swiftmodule": "/Users/superbright/Code/brainv3/fern/sdks/swift/sdk/.build/arm64-apple-macosx/debug/ApiPackageTests.build/runner~partial.swiftmodule",
    "swift-dependencies": "/Users/superbright/Code/brainv3/fern/sdks/swift/sdk/.build/arm64-apple-macosx/debug/ApiPackageTests.build/runner.swiftdeps",
    "diagnostics": "/Users/superbright/Code/brainv3/fern/sdks/swift/sdk/.build/arm64-apple-macosx/debug/ApiPackageTests.build/runner.dia"
  }
}
